# id	obs_sig	pred_MA_sig	match_MA	pred_MB_sig	match_MB	pred_MC_sig	match_MC
w1_000	374fcdb93221c17f	374fcdb93221c17f	match	374fcdb93221c17f	match	374fcdb93221c17f	match
w1_001	7895d4c855264c63	7895d4c855264c63	match	7895d4c855264c63	match	7895d4c855264c63	match
w1_002	b3f64612cdce1c5a	b3f64612cdce1c5a	match	b3f64612cdce1c5a	match	b3f64612cdce1c5a	match
w1_003	6bef7a1c02af175e	6bef7a1c02af175e	match	6bef7a1c02af175e	match	6bef7a1c02af175e	match
w1_004	a6db5badb80b2012	a6db5badb80b2012	match	a6db5badb80b2012	match	a6db5badb80b2012	match
w1_005	95bab75778175512	95bab75778175512	match	95bab75778175512	match	95bab75778175512	match
w1_006	4bd9538007a27871	4bd9538007a27871	match	4bd9538007a27871	match	4bd9538007a27871	match
w1_007	9ede2a1b04554ee6	9ede2a1b04554ee6	match	9ede2a1b04554ee6	match	9ede2a1b04554ee6	match
w1_008	50db9e850a033a54	50db9e850a033a54	match	50db9e850a033a54	match	50db9e850a033a54	match
w1_009	cab2b516d4e89f24	cab2b516d4e89f24	match	cab2b516d4e89f24	match	cab2b516d4e89f24	match
w1_010	0bce3ef97bd3f983	0bce3ef97bd3f983	match	0bce3ef97bd3f983	match	0bce3ef97bd3f983	match
w1_011	d96ac33fc9d8cf18	d96ac33fc9d8cf18	match	d96ac33fc9d8cf18	match	d96ac33fc9d8cf18	match
w1_012	bd63990402ade367	bd63990402ade367	match	bd63990402ade367	match	bd63990402ade367	match
w1_013	8a40b21acfedd9ce	8a40b21acfedd9ce	match	8a40b21acfedd9ce	match	8a40b21acfedd9ce	match
w1_014	3f6e890907917656	3f6e890907917656	match	3f6e890907917656	match	3f6e890907917656	match
w1_015	4eb997dffff09c54	4eb997dffff09c54	match	4eb997dffff09c54	match	4eb997dffff09c54	match
w1_016	4597a1a42d37b490	4597a1a42d37b490	match	4597a1a42d37b490	match	4597a1a42d37b490	match
w1_017	3802fb0b8cbb349b	3802fb0b8cbb349b	match	3802fb0b8cbb349b	match	3802fb0b8cbb349b	match
w1_018	e9294ed262bfb750	e9294ed262bfb750	match	e9294ed262bfb750	match	e9294ed262bfb750	match
w1_019	d5d4291927a90465	d5d4291927a90465	match	d5d4291927a90465	match	d5d4291927a90465	match
w1_020	bec1277a30376434	bec1277a30376434	match	bec1277a30376434	match	bec1277a30376434	match
w1_021	0769551d52912301	0769551d52912301	match	0769551d52912301	match	0769551d52912301	match
w1_022	4e227583e31aafa6	4e227583e31aafa6	match	4e227583e31aafa6	match	4e227583e31aafa6	match
w1_023	e5f64a0a6aeb237f	e5f64a0a6aeb237f	match	e5f64a0a6aeb237f	match	e5f64a0a6aeb237f	match
w1_024	72264ca60b37a447	72264ca60b37a447	match	72264ca60b37a447	match	72264ca60b37a447	match
w1_025	8023aa557936ddf9	8023aa557936ddf9	match	8023aa557936ddf9	match	8023aa557936ddf9	match
w1_026	175fbea5a23cdbfd	175fbea5a23cdbfd	match	175fbea5a23cdbfd	match	175fbea5a23cdbfd	match
w1_027	10161f79343ff1f4	10161f79343ff1f4	match	10161f79343ff1f4	match	10161f79343ff1f4	match
w1_028	aa8a9e35e93112c5	aa8a9e35e93112c5	match	aa8a9e35e93112c5	match	aa8a9e35e93112c5	match
w1_029	87319ad91de10849	87319ad91de10849	match	87319ad91de10849	match	87319ad91de10849	match
w1_030	3f7076966c27eb61	3f7076966c27eb61	match	3f7076966c27eb61	match	3f7076966c27eb61	match
w1_031	07044c723c6c650b	07044c723c6c650b	match	07044c723c6c650b	match	07044c723c6c650b	match
w1_032	24919248e5b44926	24919248e5b44926	match	24919248e5b44926	match	24919248e5b44926	match
w1_033	bc4ce2156bb8a127	bc4ce2156bb8a127	match	bc4ce2156bb8a127	match	bc4ce2156bb8a127	match
w1_034	5893dc1d7744312c	5893dc1d7744312c	match	5893dc1d7744312c	match	5893dc1d7744312c	match
w1_035	c99962eb9fd87767	c99962eb9fd87767	match	c99962eb9fd87767	match	c99962eb9fd87767	match
w1_036	83e7b3e14f7c5e2c	83e7b3e14f7c5e2c	match	83e7b3e14f7c5e2c	match	83e7b3e14f7c5e2c	match
w1_037	ab1bb913d16d9307	ab1bb913d16d9307	match	ab1bb913d16d9307	match	ab1bb913d16d9307	match
w1_038	184f0189cdaddf10	184f0189cdaddf10	match	184f0189cdaddf10	match	184f0189cdaddf10	match
w1_039	94c31aa23510622d	94c31aa23510622d	match	94c31aa23510622d	match	94c31aa23510622d	match
w1_040	9300fc14473e30ef	9300fc14473e30ef	match	9300fc14473e30ef	match	9300fc14473e30ef	match
w1_041	4a99f7e634bd280d	4a99f7e634bd280d	match	4a99f7e634bd280d	match	4a99f7e634bd280d	match
w1_042	7b068bbc98e8bb59	7b068bbc98e8bb59	match	7b068bbc98e8bb59	match	7b068bbc98e8bb59	match
w1_043	445e3d69752921c1	445e3d69752921c1	match	445e3d69752921c1	match	445e3d69752921c1	match
w1_044	2489f8c6323cb41a	2489f8c6323cb41a	match	2489f8c6323cb41a	match	2489f8c6323cb41a	match
w1_045	2b7fdc3c9437ce10	2b7fdc3c9437ce10	match	2b7fdc3c9437ce10	match	2b7fdc3c9437ce10	match
w1_046	561da729506e1989	561da729506e1989	match	561da729506e1989	match	561da729506e1989	match
w1_047	3abc8e936136b565	3abc8e936136b565	match	3abc8e936136b565	match	3abc8e936136b565	match
w1_048	24a80c33e407bb25	24a80c33e407bb25	match	24a80c33e407bb25	match	24a80c33e407bb25	match
w1_049	4ee4ae13cc61e873	4ee4ae13cc61e873	match	4ee4ae13cc61e873	match	4ee4ae13cc61e873	match
w1_050	6726066caeaf852d	6726066caeaf852d	match	6726066caeaf852d	match	6726066caeaf852d	match
w1_051	943181b1f154ff31	943181b1f154ff31	match	943181b1f154ff31	match	943181b1f154ff31	match
w1_052	3e2a171c5d712d42	3e2a171c5d712d42	match	3e2a171c5d712d42	match	3e2a171c5d712d42	match
w1_053	80693df2483f2755	80693df2483f2755	match	80693df2483f2755	match	80693df2483f2755	match
w1_054	e619ab8e4cc9e9d7	e619ab8e4cc9e9d7	match	e619ab8e4cc9e9d7	match	e619ab8e4cc9e9d7	match
w1_055	0ff3bc37c6b9d327	0ff3bc37c6b9d327	match	0ff3bc37c6b9d327	match	0ff3bc37c6b9d327	match
w1_056	2e763fcf1f263d42	2e763fcf1f263d42	match	2e763fcf1f263d42	match	2e763fcf1f263d42	match
w1_057	97baf7b22fa0b31a	97baf7b22fa0b31a	match	97baf7b22fa0b31a	match	97baf7b22fa0b31a	match
w1_058	64a77a891bd81cb5	64a77a891bd81cb5	match	64a77a891bd81cb5	match	64a77a891bd81cb5	match
w1_059	fab9425934165e56	fab9425934165e56	match	fab9425934165e56	match	fab9425934165e56	match
w1_060	cb726634cc8be3e3	cb726634cc8be3e3	match	cb726634cc8be3e3	match	cb726634cc8be3e3	match
w1_061	58b92eba8d64edef	58b92eba8d64edef	match	58b92eba8d64edef	match	58b92eba8d64edef	match
w1_062	f6005d814d84a09a	486f04d2174145c2	differs	f6005d814d84a09a	match	f6005d814d84a09a	match
w1_063	625e23636fde8676	625e23636fde8676	match	625e23636fde8676	match	625e23636fde8676	match
w1_064	b51e02094332e91d	b51e02094332e91d	match	b51e02094332e91d	match	b51e02094332e91d	match
w1_065	ba19fb3fe9a7f994	ba19fb3fe9a7f994	match	ba19fb3fe9a7f994	match	ba19fb3fe9a7f994	match
w1_066	bd95f77f045e851c	bd95f77f045e851c	match	bd95f77f045e851c	match	bd95f77f045e851c	match
w1_067	baa95f9448ad642c	baa95f9448ad642c	match	baa95f9448ad642c	match	baa95f9448ad642c	match
w1_068	126db202f0f041e8	126db202f0f041e8	match	126db202f0f041e8	match	126db202f0f041e8	match
w1_069	528b63e683d3126a	528b63e683d3126a	match	528b63e683d3126a	match	528b63e683d3126a	match
w1_070	c0e18064009cf512	c0e18064009cf512	match	c0e18064009cf512	match	c0e18064009cf512	match
w1_071	145df0d0ee4f8312	145df0d0ee4f8312	match	145df0d0ee4f8312	match	145df0d0ee4f8312	match
w1_072	86a502ec233032ab	86a502ec233032ab	match	86a502ec233032ab	match	86a502ec233032ab	match
w1_073	15c3c32e5c1519da	15c3c32e5c1519da	match	15c3c32e5c1519da	match	15c3c32e5c1519da	match
w1_074	2628acf7cfa8c77b	2628acf7cfa8c77b	match	2628acf7cfa8c77b	match	2628acf7cfa8c77b	match
w1_075	26d6c948c7bf4677	26d6c948c7bf4677	match	26d6c948c7bf4677	match	26d6c948c7bf4677	match
w1_076	e33e814c98a6db3d	e33e814c98a6db3d	match	e33e814c98a6db3d	match	e33e814c98a6db3d	match
w1_077	fd1ce44030d46ea3	fd1ce44030d46ea3	match	fd1ce44030d46ea3	match	fd1ce44030d46ea3	match
w1_078	48167225bcfc173f	48167225bcfc173f	match	48167225bcfc173f	match	48167225bcfc173f	match
w1_079	42ca886c3d9d3dae	42ca886c3d9d3dae	match	42ca886c3d9d3dae	match	42ca886c3d9d3dae	match
w1_080	33961476ae35a9d3	33961476ae35a9d3	match	33961476ae35a9d3	match	33961476ae35a9d3	match
w1_081	137be4f2d3ffde99	137be4f2d3ffde99	match	137be4f2d3ffde99	match	137be4f2d3ffde99	match
w1_082	79e7bc450745f65b	79e7bc450745f65b	match	79e7bc450745f65b	match	79e7bc450745f65b	match
w1_083	76b524981bae9cc5	76b524981bae9cc5	match	76b524981bae9cc5	match	76b524981bae9cc5	match
w1_084	9c08f5f66c07f843	9c08f5f66c07f843	match	9c08f5f66c07f843	match	9c08f5f66c07f843	match
w1_085	edc5ec750ebe2560	edc5ec750ebe2560	match	edc5ec750ebe2560	match	edc5ec750ebe2560	match
w1_086	bdb2f009f17a6f28	bdb2f009f17a6f28	match	bdb2f009f17a6f28	match	bdb2f009f17a6f28	match
w1_087	4d1e4e8c95158c59	4d1e4e8c95158c59	match	4d1e4e8c95158c59	match	4d1e4e8c95158c59	match
w1_088	cbbd8338aaadd600	cbbd8338aaadd600	match	cbbd8338aaadd600	match	cbbd8338aaadd600	match
w1_089	f629f508b2c91e04	f629f508b2c91e04	match	f629f508b2c91e04	match	f629f508b2c91e04	match
w1_090	1304049c9fc03938	1304049c9fc03938	match	1304049c9fc03938	match	1304049c9fc03938	match
w1_091	eccd03f7e5c4ab22	eccd03f7e5c4ab22	match	eccd03f7e5c4ab22	match	eccd03f7e5c4ab22	match
w1_092	df89f55e1bedbd67	df89f55e1bedbd67	match	df89f55e1bedbd67	match	df89f55e1bedbd67	match
w1_093	66142b18f3d86029	66142b18f3d86029	match	66142b18f3d86029	match	66142b18f3d86029	match
w1_094	564c843980d66dbe	564c843980d66dbe	match	564c843980d66dbe	match	564c843980d66dbe	match
w1_095	3e9403aa032ca6be	3e9403aa032ca6be	match	3e9403aa032ca6be	match	3e9403aa032ca6be	match
w1_096	e9d9583aa6b55913	e9d9583aa6b55913	match	e9d9583aa6b55913	match	e9d9583aa6b55913	match
w1_097	e59678707a964cb3	e59678707a964cb3	match	e59678707a964cb3	match	e59678707a964cb3	match
w1_098	281586c6caebc886	281586c6caebc886	match	281586c6caebc886	match	281586c6caebc886	match
w1_099	fb05bad50ec9e0ea	fb05bad50ec9e0ea	match	fb05bad50ec9e0ea	match	fb05bad50ec9e0ea	match
w1_100	f6305a988fff447a	f6305a988fff447a	match	f6305a988fff447a	match	f6305a988fff447a	match
w1_101	1646bb1fa55f9d28	1646bb1fa55f9d28	match	1646bb1fa55f9d28	match	1646bb1fa55f9d28	match
w1_102	5d8423bc2725afd1	5d8423bc2725afd1	match	5d8423bc2725afd1	match	5d8423bc2725afd1	match
w1_103	0fefee151c3ab051	0fefee151c3ab051	match	0fefee151c3ab051	match	0fefee151c3ab051	match
w1_104	d98c2afaad83819a	d98c2afaad83819a	match	d98c2afaad83819a	match	d98c2afaad83819a	match
w1_105	54fc90872a778203	54fc90872a778203	match	54fc90872a778203	match	54fc90872a778203	match
w1_106	4c7758c8df5c4ad1	4c7758c8df5c4ad1	match	4c7758c8df5c4ad1	match	4c7758c8df5c4ad1	match
w1_107	8baca9b67752de16	8baca9b67752de16	match	8baca9b67752de16	match	8baca9b67752de16	match
w1_108	90298124b10d2b83	90298124b10d2b83	match	90298124b10d2b83	match	90298124b10d2b83	match
w1_109	6be25988324208ce	6be25988324208ce	match	6be25988324208ce	match	6be25988324208ce	match
w1_110	2a1bdd2732f4fff3	2a1bdd2732f4fff3	match	2a1bdd2732f4fff3	match	2a1bdd2732f4fff3	match
w1_111	b8602763a7806cb9	b8602763a7806cb9	match	b8602763a7806cb9	match	b8602763a7806cb9	match
w1_112	8bb752b2795ee54e	8bb752b2795ee54e	match	8bb752b2795ee54e	match	8bb752b2795ee54e	match
w1_113	1fb0cce5cab02b5a	1fb0cce5cab02b5a	match	1fb0cce5cab02b5a	match	1fb0cce5cab02b5a	match
w1_114	70c0eb51a68b5fb5	70c0eb51a68b5fb5	match	70c0eb51a68b5fb5	match	70c0eb51a68b5fb5	match
w1_115	f4d26cd9257d33a2	f4d26cd9257d33a2	match	f4d26cd9257d33a2	match	f4d26cd9257d33a2	match
w1_116	9e455c211e5ceefc	9e455c211e5ceefc	match	9e455c211e5ceefc	match	9e455c211e5ceefc	match
w1_117	5ea0f1329b0c090d	5ea0f1329b0c090d	match	5ea0f1329b0c090d	match	5ea0f1329b0c090d	match
w1_118	0163900e966d2950	0163900e966d2950	match	0163900e966d2950	match	0163900e966d2950	match
w1_119	daa96e33a1dd7529	daa96e33a1dd7529	match	daa96e33a1dd7529	match	daa96e33a1dd7529	match
w1_120	c1bde13bdf7dfcbf	c1bde13bdf7dfcbf	match	c1bde13bdf7dfcbf	match	c1bde13bdf7dfcbf	match
w1_121	8e9b655edfa5ce5b	8e9b655edfa5ce5b	match	8e9b655edfa5ce5b	match	8e9b655edfa5ce5b	match
w1_122	72e780fcdae996ee	72e780fcdae996ee	match	72e780fcdae996ee	match	72e780fcdae996ee	match
w1_123	bc64e7c0ac2cd0a0	bc64e7c0ac2cd0a0	match	bc64e7c0ac2cd0a0	match	bc64e7c0ac2cd0a0	match
w1_124	edc57405383a9684	edc57405383a9684	match	edc57405383a9684	match	edc57405383a9684	match
w1_125	8a08151a266a2357	8a08151a266a2357	match	8a08151a266a2357	match	8a08151a266a2357	match
w1_126	9b22b0a0d7e4112f	9b22b0a0d7e4112f	match	9b22b0a0d7e4112f	match	9b22b0a0d7e4112f	match
w1_127	3673d153da71b20a	3673d153da71b20a	match	3673d153da71b20a	match	3673d153da71b20a	match
w1_128	4567a6b91541cb85	4567a6b91541cb85	match	4567a6b91541cb85	match	4567a6b91541cb85	match
w1_129	7dc2523ca4794ac1	7dc2523ca4794ac1	match	7dc2523ca4794ac1	match	7dc2523ca4794ac1	match
w1_130	997c3953cd8d3fa7	997c3953cd8d3fa7	match	997c3953cd8d3fa7	match	997c3953cd8d3fa7	match
w1_131	8029589a28e833ae	8029589a28e833ae	match	8029589a28e833ae	match	8029589a28e833ae	match
w1_132	7ed6c1a02280a8d2	7ed6c1a02280a8d2	match	7ed6c1a02280a8d2	match	7ed6c1a02280a8d2	match
w1_133	3e2a7826b0986301	3e2a7826b0986301	match	3e2a7826b0986301	match	3e2a7826b0986301	match
w1_134	17c03fb52e93fb94	17c03fb52e93fb94	match	17c03fb52e93fb94	match	17c03fb52e93fb94	match
w1_135	07e7a0acaaa5fef8	07e7a0acaaa5fef8	match	07e7a0acaaa5fef8	match	07e7a0acaaa5fef8	match
w1_136	3e32b32e9b059a14	3e32b32e9b059a14	match	3e32b32e9b059a14	match	3e32b32e9b059a14	match
w1_137	ec1daeedb9815d8d	ec1daeedb9815d8d	match	ec1daeedb9815d8d	match	ec1daeedb9815d8d	match
w1_138	d124312090f070d2	d124312090f070d2	match	d124312090f070d2	match	d124312090f070d2	match
w1_139	5bc8ae849b094ce0	5bc8ae849b094ce0	match	5bc8ae849b094ce0	match	5bc8ae849b094ce0	match
w1_140	bb4bd22cefaad290	bb4bd22cefaad290	match	bb4bd22cefaad290	match	bb4bd22cefaad290	match
w1_141	c9a02caefeb4ea2f	c9a02caefeb4ea2f	match	c9a02caefeb4ea2f	match	c9a02caefeb4ea2f	match
w1_142	e154db66fbaec19b	e154db66fbaec19b	match	e154db66fbaec19b	match	e154db66fbaec19b	match
w1_143	78cd0101273fe5e7	78cd0101273fe5e7	match	78cd0101273fe5e7	match	78cd0101273fe5e7	match
w1_144	181fd69f14ef37e8	181fd69f14ef37e8	match	181fd69f14ef37e8	match	181fd69f14ef37e8	match
w1_145	ac97fdb153e3b9cf	ac97fdb153e3b9cf	match	ac97fdb153e3b9cf	match	ac97fdb153e3b9cf	match
w1_146	49af6634e3c24ded	49af6634e3c24ded	match	49af6634e3c24ded	match	49af6634e3c24ded	match
w1_147	2f735d8d908ab46f	2f735d8d908ab46f	match	2f735d8d908ab46f	match	2f735d8d908ab46f	match
w1_148	cb4eee9f8697372e	cb4eee9f8697372e	match	cb4eee9f8697372e	match	cb4eee9f8697372e	match
w1_149	c918b3149b44a999	c918b3149b44a999	match	c918b3149b44a999	match	c918b3149b44a999	match
w1_150	ca6120a1ad115c4b	ca6120a1ad115c4b	match	ca6120a1ad115c4b	match	ca6120a1ad115c4b	match
w1_151	2c11189d7d8f9525	2c11189d7d8f9525	match	2c11189d7d8f9525	match	2c11189d7d8f9525	match
w1_152	5c786873599f3307	5c786873599f3307	match	5c786873599f3307	match	5c786873599f3307	match
w1_153	9a33d029ddf565b5	9a33d029ddf565b5	match	9a33d029ddf565b5	match	9a33d029ddf565b5	match
w1_154	c9ac25148697b94e	c9ac25148697b94e	match	c9ac25148697b94e	match	c9ac25148697b94e	match
w1_155	154c72d9f262ab99	154c72d9f262ab99	match	154c72d9f262ab99	match	154c72d9f262ab99	match
w1_156	ffee260f5a6fc6bb	ffee260f5a6fc6bb	match	ffee260f5a6fc6bb	match	ffee260f5a6fc6bb	match
w1_157	db1c704d4392ab43	db1c704d4392ab43	match	db1c704d4392ab43	match	db1c704d4392ab43	match
w1_158	61702a9144bf34de	61702a9144bf34de	match	61702a9144bf34de	match	61702a9144bf34de	match
w1_159	ebfbb2f07208bbac	ebfbb2f07208bbac	match	ebfbb2f07208bbac	match	ebfbb2f07208bbac	match
w1_160	272b199dbed18d04	272b199dbed18d04	match	272b199dbed18d04	match	272b199dbed18d04	match
w1_161	81884e31570c4236	81884e31570c4236	match	81884e31570c4236	match	81884e31570c4236	match
w1_162	ce8574a4eb0c3154	ce8574a4eb0c3154	match	ce8574a4eb0c3154	match	ce8574a4eb0c3154	match
w1_163	c7d99c2aab9d3a0e	c7d99c2aab9d3a0e	match	c7d99c2aab9d3a0e	match	c7d99c2aab9d3a0e	match
w1_164	a076d179beb019ac	a076d179beb019ac	match	a076d179beb019ac	match	a076d179beb019ac	match
w1_165	e8a0d74f4e1558e1	e8a0d74f4e1558e1	match	e8a0d74f4e1558e1	match	e8a0d74f4e1558e1	match
w1_166	f22e1d2fc5577e34	f22e1d2fc5577e34	match	f22e1d2fc5577e34	match	f22e1d2fc5577e34	match
w1_167	f11ff484824d00d8	f11ff484824d00d8	match	f11ff484824d00d8	match	f11ff484824d00d8	match
w1_168	dcec451a4dea59cb	dcec451a4dea59cb	match	dcec451a4dea59cb	match	dcec451a4dea59cb	match
w1_169	94658900d3c46530	94658900d3c46530	match	94658900d3c46530	match	94658900d3c46530	match
w1_170	d56ab4d74f9e56ee	d56ab4d74f9e56ee	match	d56ab4d74f9e56ee	match	d56ab4d74f9e56ee	match
w1_171	a465743d8350b199	a465743d8350b199	match	a465743d8350b199	match	a465743d8350b199	match
w1_172	56b749c095595088	56b749c095595088	match	56b749c095595088	match	56b749c095595088	match
w1_173	577c4bcefadb3e46	577c4bcefadb3e46	match	577c4bcefadb3e46	match	577c4bcefadb3e46	match
w1_174	6b19f57ca8b631f2	6b19f57ca8b631f2	match	6b19f57ca8b631f2	match	6b19f57ca8b631f2	match
w1_175	ccbd9dc88efee12e	ccbd9dc88efee12e	match	ccbd9dc88efee12e	match	ccbd9dc88efee12e	match
w1_176	6d66f3c5bb1192d3	6d66f3c5bb1192d3	match	6d66f3c5bb1192d3	match	6d66f3c5bb1192d3	match
w1_177	d1f0d1291c75706f	d1f0d1291c75706f	match	d1f0d1291c75706f	match	d1f0d1291c75706f	match
w1_178	5c46d5ebe518889e	5c46d5ebe518889e	match	5c46d5ebe518889e	match	5c46d5ebe518889e	match
w1_179	cd85d990d3082c9f	cd85d990d3082c9f	match	cd85d990d3082c9f	match	cd85d990d3082c9f	match
w2_000	3a8d2b21435259f5	3a8d2b21435259f5	match	3a8d2b21435259f5	match	3a8d2b21435259f5	match
w2_001	1c2872ead3a04746	1c2872ead3a04746	match	1c2872ead3a04746	match	1c2872ead3a04746	match
w2_002	ad51aa35242b3a6b	ad51aa35242b3a6b	match	ad51aa35242b3a6b	match	ad51aa35242b3a6b	match
w2_003	92031dd51b88b16b	92031dd51b88b16b	match	92031dd51b88b16b	match	92031dd51b88b16b	match
w2_004	eb80c7dab2d9029c	eb80c7dab2d9029c	match	eb80c7dab2d9029c	match	eb80c7dab2d9029c	match
w2_005	f5025c09351302c7	f5025c09351302c7	match	f5025c09351302c7	match	f5025c09351302c7	match
w2_006	55737b4eb6fd02a3	55737b4eb6fd02a3	match	55737b4eb6fd02a3	match	55737b4eb6fd02a3	match
w2_007	fab5dd65ece53685	fab5dd65ece53685	match	fab5dd65ece53685	match	fab5dd65ece53685	match
w2_008	19be5f1bbd3ff8b9	19be5f1bbd3ff8b9	match	19be5f1bbd3ff8b9	match	19be5f1bbd3ff8b9	match
w2_009	655e46572709af51	655e46572709af51	match	655e46572709af51	match	655e46572709af51	match
w2_010	e1dabf7425c15374	e1dabf7425c15374	match	e1dabf7425c15374	match	e1dabf7425c15374	match
w2_011	417b6e51080ab533	417b6e51080ab533	match	417b6e51080ab533	match	417b6e51080ab533	match
w2_012	a120ea0f8952bc82	a120ea0f8952bc82	match	a120ea0f8952bc82	match	a120ea0f8952bc82	match
w2_013	141277e83f92dfcf	141277e83f92dfcf	match	141277e83f92dfcf	match	141277e83f92dfcf	match
w2_014	70c907326a7d9192	70c907326a7d9192	match	70c907326a7d9192	match	70c907326a7d9192	match
w2_015	5bc2e1fcaa880f6b	5bc2e1fcaa880f6b	match	5bc2e1fcaa880f6b	match	5bc2e1fcaa880f6b	match
w2_016	5115f3c0d24bb855	5115f3c0d24bb855	match	5115f3c0d24bb855	match	5115f3c0d24bb855	match
w2_017	13652fec5639b61c	13652fec5639b61c	match	13652fec5639b61c	match	13652fec5639b61c	match
w2_018	720e03d57ba948e3	720e03d57ba948e3	match	720e03d57ba948e3	match	720e03d57ba948e3	match
w2_019	d9a043d1c3bd3df1	d9a043d1c3bd3df1	match	d9a043d1c3bd3df1	match	d9a043d1c3bd3df1	match
w2_020	4a92cc69b443495d	4a92cc69b443495d	match	4a92cc69b443495d	match	4a92cc69b443495d	match
w2_021	30eae2ce5ee3daa8	30eae2ce5ee3daa8	match	30eae2ce5ee3daa8	match	30eae2ce5ee3daa8	match
w2_022	2a93473b270256e0	2a93473b270256e0	match	2a93473b270256e0	match	2a93473b270256e0	match
w2_023	6ad7907df1eabf34	6ad7907df1eabf34	match	6ad7907df1eabf34	match	6ad7907df1eabf34	match
w2_024	6d3750cb57d4f482	6d3750cb57d4f482	match	6d3750cb57d4f482	match	6d3750cb57d4f482	match
w2_025	7099ebbf2a5a78b9	7099ebbf2a5a78b9	match	7099ebbf2a5a78b9	match	7099ebbf2a5a78b9	match
w2_026	64de37fed52ca8c6	64de37fed52ca8c6	match	64de37fed52ca8c6	match	64de37fed52ca8c6	match
w2_027	147753ac8afb8c9f	147753ac8afb8c9f	match	147753ac8afb8c9f	match	147753ac8afb8c9f	match
w2_028	c5bca643ce7ea5da	c5bca643ce7ea5da	match	c5bca643ce7ea5da	match	c5bca643ce7ea5da	match
w2_029	972d22452aec369a	972d22452aec369a	match	972d22452aec369a	match	972d22452aec369a	match
w2_030	85f210538d17a293	85f210538d17a293	match	85f210538d17a293	match	85f210538d17a293	match
w2_031	d7a7796fa546ce38	d7a7796fa546ce38	match	d7a7796fa546ce38	match	d7a7796fa546ce38	match
w2_032	d0c4efd118ac5fb5	d0c4efd118ac5fb5	match	d0c4efd118ac5fb5	match	d0c4efd118ac5fb5	match
w2_033	865454949ebdae5b	865454949ebdae5b	match	865454949ebdae5b	match	865454949ebdae5b	match
w2_034	c51edf30c8949883	c51edf30c8949883	match	c51edf30c8949883	match	c51edf30c8949883	match
w2_035	86970674abde5a34	86970674abde5a34	match	86970674abde5a34	match	86970674abde5a34	match
w2_036	4d238a19c1597359	4d238a19c1597359	match	4d238a19c1597359	match	4d238a19c1597359	match
w2_037	367f53559ab805dc	367f53559ab805dc	match	367f53559ab805dc	match	367f53559ab805dc	match
w2_038	0d3d5884c8c5b5e0	0d3d5884c8c5b5e0	match	0d3d5884c8c5b5e0	match	0d3d5884c8c5b5e0	match
w2_039	8c29401c060e45a8	8c29401c060e45a8	match	8c29401c060e45a8	match	8c29401c060e45a8	match
w2_040	93c630795b9978b0	93c630795b9978b0	match	93c630795b9978b0	match	93c630795b9978b0	match
w2_041	1fb173636014f3f2	1fb173636014f3f2	match	1fb173636014f3f2	match	1fb173636014f3f2	match
w2_042	f72dca23d4455ae6	f72dca23d4455ae6	match	f72dca23d4455ae6	match	f72dca23d4455ae6	match
w2_043	872e9a9404ec27c0	872e9a9404ec27c0	match	872e9a9404ec27c0	match	872e9a9404ec27c0	match
w2_044	a1fa558426384807	a1fa558426384807	match	a1fa558426384807	match	a1fa558426384807	match
w2_045	fe3c40223a1c80d4	fe3c40223a1c80d4	match	fe3c40223a1c80d4	match	fe3c40223a1c80d4	match
w2_046	3f6472da964945e6	3f6472da964945e6	match	3f6472da964945e6	match	3f6472da964945e6	match
w2_047	72d90282b1aac1f6	72d90282b1aac1f6	match	72d90282b1aac1f6	match	72d90282b1aac1f6	match
w2_048	be10c906e98b5694	be10c906e98b5694	match	be10c906e98b5694	match	be10c906e98b5694	match
w2_049	7dc5e193c103a52c	7dc5e193c103a52c	match	7dc5e193c103a52c	match	7dc5e193c103a52c	match
w2_050	90550105160d554e	90550105160d554e	match	90550105160d554e	match	90550105160d554e	match
w2_051	a6da3f4d2b18bd71	a6da3f4d2b18bd71	match	a6da3f4d2b18bd71	match	a6da3f4d2b18bd71	match
w2_052	77a57db8461118bb	77a57db8461118bb	match	77a57db8461118bb	match	77a57db8461118bb	match
w2_053	26ad4db87c1181e4	26ad4db87c1181e4	match	26ad4db87c1181e4	match	26ad4db87c1181e4	match
w2_054	d90d856679e6ddb3	d90d856679e6ddb3	match	d90d856679e6ddb3	match	d90d856679e6ddb3	match
w2_055	abf23c1b3db29105	abf23c1b3db29105	match	abf23c1b3db29105	match	abf23c1b3db29105	match
w2_056	8f00ff0305a37218	8f00ff0305a37218	match	8f00ff0305a37218	match	8f00ff0305a37218	match
w2_057	190aeee2f8779370	190aeee2f8779370	match	190aeee2f8779370	match	190aeee2f8779370	match
w2_058	e2e18666b31547a7	e2e18666b31547a7	match	e2e18666b31547a7	match	e2e18666b31547a7	match
w2_059	bd745df3dca19d92	bd745df3dca19d92	match	bd745df3dca19d92	match	bd745df3dca19d92	match
w2_060	8277d413e7720cec	8277d413e7720cec	match	8277d413e7720cec	match	8277d413e7720cec	match
w2_061	079c56a2682978fd	079c56a2682978fd	match	079c56a2682978fd	match	079c56a2682978fd	match
w2_062	e3c1e4fccbcf78ef	0441717dee14d74a	differs	e3c1e4fccbcf78ef	match	e3c1e4fccbcf78ef	match
w2_063	f3c7a3146739b71b	f3c7a3146739b71b	match	f3c7a3146739b71b	match	f3c7a3146739b71b	match
w2_064	1930e7da148fac8f	1930e7da148fac8f	match	1930e7da148fac8f	match	1930e7da148fac8f	match
w2_065	b20a8ba5d244e130	b20a8ba5d244e130	match	b20a8ba5d244e130	match	b20a8ba5d244e130	match
w2_066	ca356868a8b358b8	ca356868a8b358b8	match	ca356868a8b358b8	match	ca356868a8b358b8	match
w2_067	e8b0fcf6053982d9	e8b0fcf6053982d9	match	e8b0fcf6053982d9	match	e8b0fcf6053982d9	match
w2_068	39ec02e9c15bab4b	39ec02e9c15bab4b	match	39ec02e9c15bab4b	match	39ec02e9c15bab4b	match
w2_069	5d2337f8b7acde4f	5d2337f8b7acde4f	match	5d2337f8b7acde4f	match	5d2337f8b7acde4f	match
w2_070	87b28255584091f5	87b28255584091f5	match	87b28255584091f5	match	87b28255584091f5	match
w2_071	afa3ed1d9439e8e6	afa3ed1d9439e8e6	match	afa3ed1d9439e8e6	match	afa3ed1d9439e8e6	match
w2_072	f98deb06f28553d3	f98deb06f28553d3	match	f98deb06f28553d3	match	f98deb06f28553d3	match
w2_073	3ef2dd524eacb7e5	3ef2dd524eacb7e5	match	3ef2dd524eacb7e5	match	3ef2dd524eacb7e5	match
w2_074	3b36f4e4b766409b	3b36f4e4b766409b	match	3b36f4e4b766409b	match	3b36f4e4b766409b	match
w2_075	a703ba8a2c5991b0	a703ba8a2c5991b0	match	a703ba8a2c5991b0	match	a703ba8a2c5991b0	match
w2_076	63bf6706663e9d86	63bf6706663e9d86	match	63bf6706663e9d86	match	63bf6706663e9d86	match
w2_077	aa239428b0d58395	aa239428b0d58395	match	aa239428b0d58395	match	aa239428b0d58395	match
w2_078	a3ade8c65bc7b905	a3ade8c65bc7b905	match	a3ade8c65bc7b905	match	a3ade8c65bc7b905	match
w2_079	940c407851130936	940c407851130936	match	940c407851130936	match	940c407851130936	match
w2_080	f60f3690b5f8965f	f60f3690b5f8965f	match	f60f3690b5f8965f	match	f60f3690b5f8965f	match
w2_081	9189c7c954c8e183	9189c7c954c8e183	match	9189c7c954c8e183	match	9189c7c954c8e183	match
w2_082	ed370af8a0dd5a49	ed370af8a0dd5a49	match	ed370af8a0dd5a49	match	ed370af8a0dd5a49	match
w2_083	b4b7260607e6d122	b4b7260607e6d122	match	b4b7260607e6d122	match	b4b7260607e6d122	match
w2_084	2c5ee956397383f3	2c5ee956397383f3	match	2c5ee956397383f3	match	2c5ee956397383f3	match
w2_085	faa1afdd5deefad6	faa1afdd5deefad6	match	faa1afdd5deefad6	match	faa1afdd5deefad6	match
w2_086	0953bc07eefc34d9	0953bc07eefc34d9	match	0953bc07eefc34d9	match	0953bc07eefc34d9	match
w2_087	47839123da898d2b	47839123da898d2b	match	47839123da898d2b	match	47839123da898d2b	match
w2_088	91886f2944dcf740	91886f2944dcf740	match	91886f2944dcf740	match	91886f2944dcf740	match
w2_089	6404a930b0a75093	6404a930b0a75093	match	6404a930b0a75093	match	6404a930b0a75093	match
w2_090	b9c38b514b31b5c2	b9c38b514b31b5c2	match	b9c38b514b31b5c2	match	b9c38b514b31b5c2	match
w2_091	dffe1dd0cdef951f	dffe1dd0cdef951f	match	dffe1dd0cdef951f	match	dffe1dd0cdef951f	match
w2_092	cdb9518ba8384365	cdb9518ba8384365	match	cdb9518ba8384365	match	cdb9518ba8384365	match
w2_093	4fbfbe33cdb5b5d7	4fbfbe33cdb5b5d7	match	4fbfbe33cdb5b5d7	match	4fbfbe33cdb5b5d7	match
w2_094	6a8451cb4e342465	6a8451cb4e342465	match	6a8451cb4e342465	match	6a8451cb4e342465	match
w2_095	2de6aa2cb115d0db	2de6aa2cb115d0db	match	2de6aa2cb115d0db	match	2de6aa2cb115d0db	match
w2_096	12665f6e19fd4dc2	12665f6e19fd4dc2	match	12665f6e19fd4dc2	match	12665f6e19fd4dc2	match
w2_097	c2362802ed55d355	c2362802ed55d355	match	c2362802ed55d355	match	c2362802ed55d355	match
w2_098	b38200d255b8aa54	b38200d255b8aa54	match	b38200d255b8aa54	match	b38200d255b8aa54	match
w2_099	8d59a2b35900e2ee	8d59a2b35900e2ee	match	8d59a2b35900e2ee	match	8d59a2b35900e2ee	match
w2_100	9971b85bcd9c6fa1	9971b85bcd9c6fa1	match	9971b85bcd9c6fa1	match	9971b85bcd9c6fa1	match
w2_101	63e6e5e30ac8286b	63e6e5e30ac8286b	match	63e6e5e30ac8286b	match	63e6e5e30ac8286b	match
w2_102	2939df2a1133d7b8	2939df2a1133d7b8	match	2939df2a1133d7b8	match	2939df2a1133d7b8	match
w2_103	15ab02181450c87d	15ab02181450c87d	match	15ab02181450c87d	match	15ab02181450c87d	match
w2_104	75df986032a8d0b0	75df986032a8d0b0	match	75df986032a8d0b0	match	75df986032a8d0b0	match
w2_105	7c932921ed2766bc	7c932921ed2766bc	match	7c932921ed2766bc	match	7c932921ed2766bc	match
w2_106	2500ee98693b62bd	2500ee98693b62bd	match	2500ee98693b62bd	match	2500ee98693b62bd	match
w2_107	5f6cf13c7e805048	5f6cf13c7e805048	match	5f6cf13c7e805048	match	5f6cf13c7e805048	match
w2_108	60b7b6990c823173	60b7b6990c823173	match	60b7b6990c823173	match	60b7b6990c823173	match
w2_109	da00ce52dbb5362f	da00ce52dbb5362f	match	da00ce52dbb5362f	match	da00ce52dbb5362f	match
w2_110	49108536700c54ef	49108536700c54ef	match	49108536700c54ef	match	49108536700c54ef	match
w2_111	ac374e3f620f607c	ac374e3f620f607c	match	ac374e3f620f607c	match	ac374e3f620f607c	match
w2_112	32a9b78b63a3fb04	32a9b78b63a3fb04	match	32a9b78b63a3fb04	match	32a9b78b63a3fb04	match
w2_113	38bafadcee3afda6	38bafadcee3afda6	match	38bafadcee3afda6	match	38bafadcee3afda6	match
w2_114	708434c39cb8d965	708434c39cb8d965	match	708434c39cb8d965	match	708434c39cb8d965	match
w2_115	0734f4af1cc862df	0734f4af1cc862df	match	0734f4af1cc862df	match	0734f4af1cc862df	match
w2_116	e2deeb04f98f86e2	e2deeb04f98f86e2	match	e2deeb04f98f86e2	match	e2deeb04f98f86e2	match
w2_117	f2309f157525d26c	f2309f157525d26c	match	f2309f157525d26c	match	f2309f157525d26c	match
w2_118	9856cfae5040a413	9856cfae5040a413	match	9856cfae5040a413	match	9856cfae5040a413	match
w2_119	15773c06a582ec06	15773c06a582ec06	match	15773c06a582ec06	match	15773c06a582ec06	match
w2_120	62bb93048a2740f3	62bb93048a2740f3	match	62bb93048a2740f3	match	62bb93048a2740f3	match
w2_121	560d155a455816b8	560d155a455816b8	match	560d155a455816b8	match	560d155a455816b8	match
w2_122	c52963bf8fac1d9d	c52963bf8fac1d9d	match	c52963bf8fac1d9d	match	c52963bf8fac1d9d	match
w2_123	25130fe0ef1e612f	25130fe0ef1e612f	match	25130fe0ef1e612f	match	25130fe0ef1e612f	match
w2_124	2a5413e208bcf2d6	2a5413e208bcf2d6	match	2a5413e208bcf2d6	match	2a5413e208bcf2d6	match
w2_125	e1b8021456ee3a2e	e1b8021456ee3a2e	match	e1b8021456ee3a2e	match	e1b8021456ee3a2e	match
w2_126	11874f134863f61e	11874f134863f61e	match	11874f134863f61e	match	11874f134863f61e	match
w2_127	718bb2f306c8c93b	718bb2f306c8c93b	match	718bb2f306c8c93b	match	718bb2f306c8c93b	match
w2_128	a90451348f81b462	a90451348f81b462	match	a90451348f81b462	match	a90451348f81b462	match
w2_129	38d6b319812633a3	38d6b319812633a3	match	38d6b319812633a3	match	38d6b319812633a3	match
w2_130	ac3265098f88bd26	ac3265098f88bd26	match	ac3265098f88bd26	match	ac3265098f88bd26	match
w2_131	4cdb9f202c6a2727	4cdb9f202c6a2727	match	4cdb9f202c6a2727	match	4cdb9f202c6a2727	match
w2_132	02e21236d954e198	02e21236d954e198	match	02e21236d954e198	match	02e21236d954e198	match
w2_133	004d541448a2e53d	004d541448a2e53d	match	004d541448a2e53d	match	004d541448a2e53d	match
w2_134	e98bd45a8e1c545a	e98bd45a8e1c545a	match	e98bd45a8e1c545a	match	e98bd45a8e1c545a	match
w2_135	2ede0bcafe232f5a	2ede0bcafe232f5a	match	2ede0bcafe232f5a	match	2ede0bcafe232f5a	match
w2_136	45fde8e78999adc2	45fde8e78999adc2	match	45fde8e78999adc2	match	45fde8e78999adc2	match
w2_137	b568d3786b7af2cd	b568d3786b7af2cd	match	b568d3786b7af2cd	match	b568d3786b7af2cd	match
w2_138	d200752edaf15a94	d200752edaf15a94	match	d200752edaf15a94	match	d200752edaf15a94	match
w2_139	1dc969b99f3fe6ca	1dc969b99f3fe6ca	match	1dc969b99f3fe6ca	match	1dc969b99f3fe6ca	match
w2_140	5164a70b326fac0a	5164a70b326fac0a	match	5164a70b326fac0a	match	5164a70b326fac0a	match
w2_141	68a2f850551a498c	68a2f850551a498c	match	68a2f850551a498c	match	68a2f850551a498c	match
w2_142	4ce762bdd696f4bc	4ce762bdd696f4bc	match	4ce762bdd696f4bc	match	4ce762bdd696f4bc	match
w2_143	288d90b4ba4b7270	288d90b4ba4b7270	match	288d90b4ba4b7270	match	288d90b4ba4b7270	match
w2_144	b94fd14ad9afa192	b94fd14ad9afa192	match	b94fd14ad9afa192	match	b94fd14ad9afa192	match
w2_145	cf7dee6148741861	cf7dee6148741861	match	cf7dee6148741861	match	cf7dee6148741861	match
w2_146	bbc463bee8d16347	bbc463bee8d16347	match	bbc463bee8d16347	match	bbc463bee8d16347	match
w2_147	a807a81d660de0e3	a807a81d660de0e3	match	a807a81d660de0e3	match	a807a81d660de0e3	match
w2_148	d616eba55e67faac	d616eba55e67faac	match	d616eba55e67faac	match	d616eba55e67faac	match
w2_149	00a3bf5d3d6db187	00a3bf5d3d6db187	match	00a3bf5d3d6db187	match	00a3bf5d3d6db187	match
w2_150	5450bff420856c9b	5450bff420856c9b	match	5450bff420856c9b	match	5450bff420856c9b	match
w2_151	1460eedccaa1f524	1460eedccaa1f524	match	1460eedccaa1f524	match	1460eedccaa1f524	match
w2_152	8a4571a294b625e4	8a4571a294b625e4	match	8a4571a294b625e4	match	8a4571a294b625e4	match
w2_153	c5730b32209421ea	c5730b32209421ea	match	c5730b32209421ea	match	c5730b32209421ea	match
w2_154	0df3fcfa430d8339	0df3fcfa430d8339	match	0df3fcfa430d8339	match	0df3fcfa430d8339	match
w2_155	abdc47523fb51458	abdc47523fb51458	match	abdc47523fb51458	match	abdc47523fb51458	match
w2_156	a7f8e31e43eca97b	a7f8e31e43eca97b	match	a7f8e31e43eca97b	match	a7f8e31e43eca97b	match
w2_157	c9c0e8d50c3ddae7	c9c0e8d50c3ddae7	match	c9c0e8d50c3ddae7	match	c9c0e8d50c3ddae7	match
w2_158	f4fe8c7da1fecc6c	f4fe8c7da1fecc6c	match	f4fe8c7da1fecc6c	match	f4fe8c7da1fecc6c	match
w2_159	f2067b549d69bde0	f2067b549d69bde0	match	f2067b549d69bde0	match	f2067b549d69bde0	match
w2_160	f84f8b25fce82d9a	f84f8b25fce82d9a	match	f84f8b25fce82d9a	match	f84f8b25fce82d9a	match
w2_161	bc04616877306eac	bc04616877306eac	match	bc04616877306eac	match	bc04616877306eac	match
w2_162	01e78ed803e22350	01e78ed803e22350	match	01e78ed803e22350	match	01e78ed803e22350	match
w2_163	b5ac504475e55775	b5ac504475e55775	match	b5ac504475e55775	match	b5ac504475e55775	match
w2_164	1e30b3435875f13b	1e30b3435875f13b	match	1e30b3435875f13b	match	1e30b3435875f13b	match
w2_165	49cd2b4c66e59a68	49cd2b4c66e59a68	match	49cd2b4c66e59a68	match	49cd2b4c66e59a68	match
w2_166	cd2a71f53e790fd1	cd2a71f53e790fd1	match	cd2a71f53e790fd1	match	cd2a71f53e790fd1	match
w2_167	69a4f2af29cfbbc8	69a4f2af29cfbbc8	match	69a4f2af29cfbbc8	match	69a4f2af29cfbbc8	match
w2_168	5a51a4f418417385	5a51a4f418417385	match	5a51a4f418417385	match	5a51a4f418417385	match
w2_169	5ac28fe0b8e208c7	5ac28fe0b8e208c7	match	5ac28fe0b8e208c7	match	5ac28fe0b8e208c7	match
w2_170	dd863b7a369a16e7	dd863b7a369a16e7	match	dd863b7a369a16e7	match	dd863b7a369a16e7	match
w2_171	853374192be65b62	853374192be65b62	match	853374192be65b62	match	853374192be65b62	match
w2_172	070b23a878ed8bb3	070b23a878ed8bb3	match	070b23a878ed8bb3	match	070b23a878ed8bb3	match
w2_173	05c87958286e3abc	05c87958286e3abc	match	05c87958286e3abc	match	05c87958286e3abc	match
w2_174	d545cd1772848f26	d545cd1772848f26	match	d545cd1772848f26	match	d545cd1772848f26	match
w2_175	eee6537e2109ad68	eee6537e2109ad68	match	eee6537e2109ad68	match	eee6537e2109ad68	match
w2_176	e1091d6572506125	e1091d6572506125	match	e1091d6572506125	match	e1091d6572506125	match
w2_177	fb9991110317bd4b	fb9991110317bd4b	match	fb9991110317bd4b	match	fb9991110317bd4b	match
w2_178	2677d750c2b05986	2677d750c2b05986	match	2677d750c2b05986	match	2677d750c2b05986	match
w2_179	85f726942c7d5d92	85f726942c7d5d92	match	85f726942c7d5d92	match	85f726942c7d5d92	match
w3_000	53dc7240847e43ad	53dc7240847e43ad	match	53dc7240847e43ad	match	53dc7240847e43ad	match
w3_001	952f4ccfcb7d8ee5	952f4ccfcb7d8ee5	match	952f4ccfcb7d8ee5	match	952f4ccfcb7d8ee5	match
w3_002	28d2a94b5c063edc	28d2a94b5c063edc	match	28d2a94b5c063edc	match	28d2a94b5c063edc	match
w3_003	456f0cf3213e78c6	456f0cf3213e78c6	match	456f0cf3213e78c6	match	456f0cf3213e78c6	match
w3_004	7d4ac7f5949f612c	7d4ac7f5949f612c	match	7d4ac7f5949f612c	match	7d4ac7f5949f612c	match
w3_005	4bcc14524bee0bc5	4bcc14524bee0bc5	match	4bcc14524bee0bc5	match	4bcc14524bee0bc5	match
w3_006	905559c4396b9e5f	905559c4396b9e5f	match	905559c4396b9e5f	match	905559c4396b9e5f	match
w3_007	4048f67d6d6bdaf0	4048f67d6d6bdaf0	match	4048f67d6d6bdaf0	match	4048f67d6d6bdaf0	match
w3_008	287590888a2b6d81	287590888a2b6d81	match	287590888a2b6d81	match	287590888a2b6d81	match
w3_009	e953fa0c5f36e5af	e953fa0c5f36e5af	match	e953fa0c5f36e5af	match	e953fa0c5f36e5af	match
w3_010	0dc4f47281364d52	0dc4f47281364d52	match	0dc4f47281364d52	match	0dc4f47281364d52	match
w3_011	45f9bfb579c94982	45f9bfb579c94982	match	45f9bfb579c94982	match	45f9bfb579c94982	match
w3_012	e7bb35975c2f505b	e7bb35975c2f505b	match	e7bb35975c2f505b	match	e7bb35975c2f505b	match
w3_013	e0a1aa5c5d66736f	e0a1aa5c5d66736f	match	e0a1aa5c5d66736f	match	e0a1aa5c5d66736f	match
w3_014	44f4507843b9e347	44f4507843b9e347	match	44f4507843b9e347	match	44f4507843b9e347	match
w3_015	d23998e1aaceb558	d23998e1aaceb558	match	d23998e1aaceb558	match	d23998e1aaceb558	match
w3_016	6257767ff642b769	6257767ff642b769	match	6257767ff642b769	match	6257767ff642b769	match
w3_017	169b77bc81fdc653	169b77bc81fdc653	match	169b77bc81fdc653	match	169b77bc81fdc653	match
w3_018	364d1bbe265477e3	364d1bbe265477e3	match	364d1bbe265477e3	match	364d1bbe265477e3	match
w3_019	7ae30db0b4c6eb08	7ae30db0b4c6eb08	match	7ae30db0b4c6eb08	match	7ae30db0b4c6eb08	match
w3_020	0c22a77150a70fd1	0c22a77150a70fd1	match	0c22a77150a70fd1	match	0c22a77150a70fd1	match
w3_021	751c5c1348185c01	751c5c1348185c01	match	751c5c1348185c01	match	751c5c1348185c01	match
w3_022	27e5391ae9c23691	27e5391ae9c23691	match	27e5391ae9c23691	match	27e5391ae9c23691	match
w3_023	99a91ec8d6584688	99a91ec8d6584688	match	99a91ec8d6584688	match	99a91ec8d6584688	match
w3_024	abdd54af1924000c	abdd54af1924000c	match	abdd54af1924000c	match	abdd54af1924000c	match
w3_025	1d300e66ac3f212e	1d300e66ac3f212e	match	1d300e66ac3f212e	match	1d300e66ac3f212e	match
w3_026	b26906019941cc67	b26906019941cc67	match	b26906019941cc67	match	b26906019941cc67	match
w3_027	369fc564a4e2061a	369fc564a4e2061a	match	369fc564a4e2061a	match	369fc564a4e2061a	match
w3_028	61fc577f4dffd4cf	61fc577f4dffd4cf	match	61fc577f4dffd4cf	match	61fc577f4dffd4cf	match
w3_029	baf3afe581b1b690	baf3afe581b1b690	match	baf3afe581b1b690	match	baf3afe581b1b690	match
w3_030	96dc107b79e87d9d	96dc107b79e87d9d	match	96dc107b79e87d9d	match	96dc107b79e87d9d	match
w3_031	5544a2a53cc10a6c	5544a2a53cc10a6c	match	5544a2a53cc10a6c	match	5544a2a53cc10a6c	match
w3_032	dbe8fcb0ce9db05d	dbe8fcb0ce9db05d	match	dbe8fcb0ce9db05d	match	dbe8fcb0ce9db05d	match
w3_033	4aa4939cb4dbc0b9	4aa4939cb4dbc0b9	match	4aa4939cb4dbc0b9	match	4aa4939cb4dbc0b9	match
w3_034	3fcc5fb5119bef0a	3fcc5fb5119bef0a	match	3fcc5fb5119bef0a	match	3fcc5fb5119bef0a	match
w3_035	3da35132f119c02f	3da35132f119c02f	match	3da35132f119c02f	match	3da35132f119c02f	match
w3_036	93d02a12d7844282	93d02a12d7844282	match	93d02a12d7844282	match	93d02a12d7844282	match
w3_037	0befa5e6cd0d08ff	0befa5e6cd0d08ff	match	0befa5e6cd0d08ff	match	0befa5e6cd0d08ff	match
w3_038	f71a3df77d22a8f6	f71a3df77d22a8f6	match	f71a3df77d22a8f6	match	f71a3df77d22a8f6	match
w3_039	8451b871417ef4b0	8451b871417ef4b0	match	8451b871417ef4b0	match	8451b871417ef4b0	match
w3_040	be471a6d7ee28f00	be471a6d7ee28f00	match	be471a6d7ee28f00	match	be471a6d7ee28f00	match
w3_041	1f851b19fef94dc0	1f851b19fef94dc0	match	1f851b19fef94dc0	match	1f851b19fef94dc0	match
w3_042	894cea9bc8035e58	894cea9bc8035e58	match	894cea9bc8035e58	match	894cea9bc8035e58	match
w3_043	b0b0aaeccb8fb7a0	b0b0aaeccb8fb7a0	match	b0b0aaeccb8fb7a0	match	b0b0aaeccb8fb7a0	match
w3_044	5932af6614d06d6d	5932af6614d06d6d	match	5932af6614d06d6d	match	5932af6614d06d6d	match
w3_045	f9f9a65ef16cc253	f9f9a65ef16cc253	match	f9f9a65ef16cc253	match	f9f9a65ef16cc253	match
w3_046	2d6d59c328768b50	2d6d59c328768b50	match	2d6d59c328768b50	match	2d6d59c328768b50	match
w3_047	2de88e2133b0caec	2de88e2133b0caec	match	2de88e2133b0caec	match	2de88e2133b0caec	match
w3_048	9ed47746a9e37ff9	9ed47746a9e37ff9	match	9ed47746a9e37ff9	match	9ed47746a9e37ff9	match
w3_049	46b1b5275dd40196	46b1b5275dd40196	match	46b1b5275dd40196	match	46b1b5275dd40196	match
w3_050	1eb43e1a019fffde	1eb43e1a019fffde	match	1eb43e1a019fffde	match	1eb43e1a019fffde	match
w3_051	fa82f1c18b8b4ead	fa82f1c18b8b4ead	match	fa82f1c18b8b4ead	match	fa82f1c18b8b4ead	match
w3_052	f4d8c0b4f3472e5c	f4d8c0b4f3472e5c	match	f4d8c0b4f3472e5c	match	f4d8c0b4f3472e5c	match
w3_053	604c29a93b3abffb	604c29a93b3abffb	match	604c29a93b3abffb	match	604c29a93b3abffb	match
w3_054	5ad82deebe55a658	5ad82deebe55a658	match	5ad82deebe55a658	match	5ad82deebe55a658	match
w3_055	9badb1e201f372a1	9badb1e201f372a1	match	9badb1e201f372a1	match	9badb1e201f372a1	match
w3_056	78026261798b760b	78026261798b760b	match	78026261798b760b	match	78026261798b760b	match
w3_057	10a965953b100c3f	10a965953b100c3f	match	10a965953b100c3f	match	10a965953b100c3f	match
w3_058	6b6d2c8ab7ac0d3b	6b6d2c8ab7ac0d3b	match	6b6d2c8ab7ac0d3b	match	6b6d2c8ab7ac0d3b	match
w3_059	c6e075bde6874138	c6e075bde6874138	match	c6e075bde6874138	match	c6e075bde6874138	match
w3_060	d99c4d4eece45499	d99c4d4eece45499	match	d99c4d4eece45499	match	d99c4d4eece45499	match
w3_061	8395c8d83ec9d1a4	8395c8d83ec9d1a4	match	8395c8d83ec9d1a4	match	8395c8d83ec9d1a4	match
w3_062	c4acc1707737a501	c4acc1707737a501	match	c4acc1707737a501	match	c4acc1707737a501	match
w3_063	af2f19569681408b	af2f19569681408b	match	af2f19569681408b	match	af2f19569681408b	match
w3_064	e28f4bab5b7b7ec1	e28f4bab5b7b7ec1	match	e28f4bab5b7b7ec1	match	e28f4bab5b7b7ec1	match
w3_065	fcbb921d8ac7eaeb	fcbb921d8ac7eaeb	match	fcbb921d8ac7eaeb	match	fcbb921d8ac7eaeb	match
w3_066	e3cb9af4e8c95e68	e3cb9af4e8c95e68	match	e3cb9af4e8c95e68	match	e3cb9af4e8c95e68	match
w3_067	a0ca1c9bf8123eb8	a0ca1c9bf8123eb8	match	a0ca1c9bf8123eb8	match	a0ca1c9bf8123eb8	match
w3_068	b1ac89b8436aa944	b1ac89b8436aa944	match	b1ac89b8436aa944	match	b1ac89b8436aa944	match
w3_069	2d554ad7e68d13d5	2d554ad7e68d13d5	match	2d554ad7e68d13d5	match	2d554ad7e68d13d5	match
w3_070	eff1d71b2e17ac66	eff1d71b2e17ac66	match	eff1d71b2e17ac66	match	eff1d71b2e17ac66	match
w3_071	35f5f0dea06cfe8c	35f5f0dea06cfe8c	match	35f5f0dea06cfe8c	match	35f5f0dea06cfe8c	match
w3_072	7e5c74055f2493bd	7e5c74055f2493bd	match	7e5c74055f2493bd	match	7e5c74055f2493bd	match
w3_073	ab5a933e1bab5cbf	ab5a933e1bab5cbf	match	ab5a933e1bab5cbf	match	ab5a933e1bab5cbf	match
w3_074	ef8f756ca1c5c14f	ef8f756ca1c5c14f	match	ef8f756ca1c5c14f	match	ef8f756ca1c5c14f	match
w3_075	b39627060c2cf368	b39627060c2cf368	match	b39627060c2cf368	match	b39627060c2cf368	match
w3_076	bafbc55789d5df05	bafbc55789d5df05	match	bafbc55789d5df05	match	bafbc55789d5df05	match
w3_077	a31ce79d0e0f4f36	a31ce79d0e0f4f36	match	a31ce79d0e0f4f36	match	a31ce79d0e0f4f36	match
w3_078	5c31a55b25984a83	5c31a55b25984a83	match	5c31a55b25984a83	match	5c31a55b25984a83	match
w3_079	7dc6d2f298cee9dc	7dc6d2f298cee9dc	match	7dc6d2f298cee9dc	match	7dc6d2f298cee9dc	match
w3_080	1664a7d21aa8b219	1664a7d21aa8b219	match	1664a7d21aa8b219	match	1664a7d21aa8b219	match
w3_081	4160d199e1cb93fe	4160d199e1cb93fe	match	4160d199e1cb93fe	match	4160d199e1cb93fe	match
w3_082	6fc61ee985fa140b	6fc61ee985fa140b	match	6fc61ee985fa140b	match	6fc61ee985fa140b	match
w3_083	5182b1e6c89d5aa5	5182b1e6c89d5aa5	match	5182b1e6c89d5aa5	match	5182b1e6c89d5aa5	match
w3_084	ff69f1813761040b	ff69f1813761040b	match	ff69f1813761040b	match	ff69f1813761040b	match
w3_085	dddc25aa13383098	dddc25aa13383098	match	dddc25aa13383098	match	dddc25aa13383098	match
w3_086	5f5f4ecc0f41997c	5f5f4ecc0f41997c	match	5f5f4ecc0f41997c	match	5f5f4ecc0f41997c	match
w3_087	0551699b0315070f	0551699b0315070f	match	0551699b0315070f	match	0551699b0315070f	match
w3_088	557a884e86084a9f	557a884e86084a9f	match	557a884e86084a9f	match	557a884e86084a9f	match
w3_089	7fd877714b5fd78f	7fd877714b5fd78f	match	7fd877714b5fd78f	match	7fd877714b5fd78f	match
w3_090	72594da6c124708f	72594da6c124708f	match	72594da6c124708f	match	72594da6c124708f	match
w3_091	f1c2291a0544762d	f1c2291a0544762d	match	f1c2291a0544762d	match	f1c2291a0544762d	match
w3_092	b97ff3630945c265	b97ff3630945c265	match	b97ff3630945c265	match	b97ff3630945c265	match
w3_093	6f114e3769e4805d	6f114e3769e4805d	match	6f114e3769e4805d	match	6f114e3769e4805d	match
w3_094	0639a6b731d99c20	0639a6b731d99c20	match	0639a6b731d99c20	match	0639a6b731d99c20	match
w3_095	5c191b8db15aa782	5c191b8db15aa782	match	5c191b8db15aa782	match	5c191b8db15aa782	match
w3_096	15bd56697cdc579b	15bd56697cdc579b	match	15bd56697cdc579b	match	15bd56697cdc579b	match
w3_097	d2b97596bfec299c	d2b97596bfec299c	match	d2b97596bfec299c	match	d2b97596bfec299c	match
w3_098	94f6413279f7e666	94f6413279f7e666	match	94f6413279f7e666	match	94f6413279f7e666	match
w3_099	8d76d1e6156babfe	8d76d1e6156babfe	match	8d76d1e6156babfe	match	8d76d1e6156babfe	match
w3_100	65b0b37e1ee2ea0d	65b0b37e1ee2ea0d	match	65b0b37e1ee2ea0d	match	65b0b37e1ee2ea0d	match
w3_101	076c3ca38939137c	076c3ca38939137c	match	076c3ca38939137c	match	076c3ca38939137c	match
w3_102	7da851757c141816	7da851757c141816	match	7da851757c141816	match	7da851757c141816	match
w3_103	553d1260afba3bb0	553d1260afba3bb0	match	553d1260afba3bb0	match	553d1260afba3bb0	match
w3_104	0406f9fa00347e19	0406f9fa00347e19	match	0406f9fa00347e19	match	0406f9fa00347e19	match
w3_105	b21f260e78d55223	b21f260e78d55223	match	b21f260e78d55223	match	b21f260e78d55223	match
w3_106	ced78d4dfd2ebd84	ced78d4dfd2ebd84	match	ced78d4dfd2ebd84	match	ced78d4dfd2ebd84	match
w3_107	3f046f3ceb727897	3f046f3ceb727897	match	3f046f3ceb727897	match	3f046f3ceb727897	match
w3_108	ac2829ad231781c7	ac2829ad231781c7	match	ac2829ad231781c7	match	ac2829ad231781c7	match
w3_109	949cb4e5dd6f0410	949cb4e5dd6f0410	match	949cb4e5dd6f0410	match	949cb4e5dd6f0410	match
w3_110	42aa1bf4fdbc398e	42aa1bf4fdbc398e	match	42aa1bf4fdbc398e	match	42aa1bf4fdbc398e	match
w3_111	aa306329720d3c7e	aa306329720d3c7e	match	aa306329720d3c7e	match	aa306329720d3c7e	match
w3_112	7fcc203b5a90721a	7fcc203b5a90721a	match	7fcc203b5a90721a	match	7fcc203b5a90721a	match
w3_113	a1774e0b36d57707	a1774e0b36d57707	match	a1774e0b36d57707	match	a1774e0b36d57707	match
w3_114	a1613273c7cd4ea0	a1613273c7cd4ea0	match	a1613273c7cd4ea0	match	a1613273c7cd4ea0	match
w3_115	d5c83178f24a5968	d5c83178f24a5968	match	d5c83178f24a5968	match	d5c83178f24a5968	match
w3_116	c71ca90d5e10acc4	c71ca90d5e10acc4	match	c71ca90d5e10acc4	match	c71ca90d5e10acc4	match
w3_117	37bb232d81007bde	37bb232d81007bde	match	37bb232d81007bde	match	37bb232d81007bde	match
w3_118	3e4456263b1b105a	3e4456263b1b105a	match	3e4456263b1b105a	match	3e4456263b1b105a	match
w3_119	77049de8b9a96b03	77049de8b9a96b03	match	77049de8b9a96b03	match	77049de8b9a96b03	match
w3_120	b6186eee421e3157	b6186eee421e3157	match	b6186eee421e3157	match	b6186eee421e3157	match
w3_121	ac9a1334f9ad61f9	ac9a1334f9ad61f9	match	ac9a1334f9ad61f9	match	ac9a1334f9ad61f9	match
w3_122	24203dfb12c38014	24203dfb12c38014	match	24203dfb12c38014	match	24203dfb12c38014	match
w3_123	247b2559af9d5717	247b2559af9d5717	match	247b2559af9d5717	match	247b2559af9d5717	match
w3_124	18eda28d695c1042	18eda28d695c1042	match	18eda28d695c1042	match	18eda28d695c1042	match
w3_125	ff977ba1f181d65f	ff977ba1f181d65f	match	ff977ba1f181d65f	match	ff977ba1f181d65f	match
w3_126	648d39e707686901	648d39e707686901	match	648d39e707686901	match	648d39e707686901	match
w3_127	7389e6193f67d5c8	7389e6193f67d5c8	match	7389e6193f67d5c8	match	7389e6193f67d5c8	match
w3_128	6bcdf33f34367c4e	6bcdf33f34367c4e	match	6bcdf33f34367c4e	match	6bcdf33f34367c4e	match
w3_129	0e66d52f81131639	0e66d52f81131639	match	0e66d52f81131639	match	0e66d52f81131639	match
w3_130	25afbb9db0035703	25afbb9db0035703	match	25afbb9db0035703	match	25afbb9db0035703	match
w3_131	061ca5ad60cd0e7a	061ca5ad60cd0e7a	match	061ca5ad60cd0e7a	match	061ca5ad60cd0e7a	match
w3_132	9c51d7ce8269ad87	9c51d7ce8269ad87	match	9c51d7ce8269ad87	match	9c51d7ce8269ad87	match
w3_133	04c844fef6bb632f	04c844fef6bb632f	match	04c844fef6bb632f	match	04c844fef6bb632f	match
w3_134	e99cd30f5adb0869	e99cd30f5adb0869	match	e99cd30f5adb0869	match	e99cd30f5adb0869	match
w3_135	ced59a24803473cc	ced59a24803473cc	match	ced59a24803473cc	match	ced59a24803473cc	match
w3_136	a97f27601967556e	a97f27601967556e	match	a97f27601967556e	match	a97f27601967556e	match
w3_137	39352c8f94c797d7	39352c8f94c797d7	match	39352c8f94c797d7	match	39352c8f94c797d7	match
w3_138	fa17e3c75e0df642	fa17e3c75e0df642	match	fa17e3c75e0df642	match	fa17e3c75e0df642	match
w3_139	dc56e855b873e491	dc56e855b873e491	match	dc56e855b873e491	match	dc56e855b873e491	match
w3_140	39e78b367f8429a5	39e78b367f8429a5	match	39e78b367f8429a5	match	39e78b367f8429a5	match
w3_141	54df7eec8a296e60	54df7eec8a296e60	match	54df7eec8a296e60	match	54df7eec8a296e60	match
w3_142	86c0d166021d9be3	86c0d166021d9be3	match	86c0d166021d9be3	match	86c0d166021d9be3	match
w3_143	51213fcc6c6dacf1	51213fcc6c6dacf1	match	51213fcc6c6dacf1	match	51213fcc6c6dacf1	match
w3_144	6d5adde67d759f8d	6d5adde67d759f8d	match	6d5adde67d759f8d	match	6d5adde67d759f8d	match
w3_145	b8457d0aeb4cdeb3	b8457d0aeb4cdeb3	match	b8457d0aeb4cdeb3	match	b8457d0aeb4cdeb3	match
w3_146	d3422d26ba322043	d3422d26ba322043	match	d3422d26ba322043	match	d3422d26ba322043	match
w3_147	92cc5d3bf914fe92	92cc5d3bf914fe92	match	92cc5d3bf914fe92	match	92cc5d3bf914fe92	match
w3_148	8f16f7a9cb272e2f	8f16f7a9cb272e2f	match	8f16f7a9cb272e2f	match	8f16f7a9cb272e2f	match
w3_149	f22117bd8f392766	f22117bd8f392766	match	f22117bd8f392766	match	f22117bd8f392766	match
w3_150	e03f74d0350b10de	e03f74d0350b10de	match	e03f74d0350b10de	match	e03f74d0350b10de	match
w3_151	859fb9444ef1da1f	859fb9444ef1da1f	match	859fb9444ef1da1f	match	859fb9444ef1da1f	match
w3_152	6bbf185c022894a9	6bbf185c022894a9	match	6bbf185c022894a9	match	6bbf185c022894a9	match
w3_153	cd49f02bacbf005a	cd49f02bacbf005a	match	cd49f02bacbf005a	match	cd49f02bacbf005a	match
w3_154	36e46f0e9ea58366	36e46f0e9ea58366	match	36e46f0e9ea58366	match	36e46f0e9ea58366	match
w3_155	f22c7910ad7cf204	f22c7910ad7cf204	match	f22c7910ad7cf204	match	f22c7910ad7cf204	match
w3_156	dbeee6779c8e203f	dbeee6779c8e203f	match	dbeee6779c8e203f	match	dbeee6779c8e203f	match
w3_157	18cb76b1ef8fccc1	18cb76b1ef8fccc1	match	18cb76b1ef8fccc1	match	18cb76b1ef8fccc1	match
w3_158	e454c0cfd48f0f74	e454c0cfd48f0f74	match	e454c0cfd48f0f74	match	e454c0cfd48f0f74	match
w3_159	3b117246970d204a	3b117246970d204a	match	3b117246970d204a	match	3b117246970d204a	match
w3_160	c9f8a224faa7929c	c9f8a224faa7929c	match	c9f8a224faa7929c	match	c9f8a224faa7929c	match
w3_161	63210d2559ed110e	63210d2559ed110e	match	63210d2559ed110e	match	63210d2559ed110e	match
w3_162	cc4234124120f79e	cc4234124120f79e	match	cc4234124120f79e	match	cc4234124120f79e	match
w3_163	7321ebc73eeaa580	7321ebc73eeaa580	match	7321ebc73eeaa580	match	7321ebc73eeaa580	match
w3_164	5df72081e13379d3	5df72081e13379d3	match	5df72081e13379d3	match	5df72081e13379d3	match
w3_165	4ac1bc705b4626a6	4ac1bc705b4626a6	match	4ac1bc705b4626a6	match	4ac1bc705b4626a6	match
w3_166	1e193b35db865ebc	1e193b35db865ebc	match	1e193b35db865ebc	match	1e193b35db865ebc	match
w3_167	8b6d60e494300f12	8b6d60e494300f12	match	8b6d60e494300f12	match	8b6d60e494300f12	match
w3_168	18c0de1a439da3ba	18c0de1a439da3ba	match	18c0de1a439da3ba	match	18c0de1a439da3ba	match
w3_169	5eb80d1be16c8780	5eb80d1be16c8780	match	5eb80d1be16c8780	match	5eb80d1be16c8780	match
w3_170	5a00b6b7ec6b86f8	5a00b6b7ec6b86f8	match	5a00b6b7ec6b86f8	match	5a00b6b7ec6b86f8	match
w3_171	445eeb141038c3db	445eeb141038c3db	match	445eeb141038c3db	match	445eeb141038c3db	match
w3_172	5ed2ade376d1f871	5ed2ade376d1f871	match	5ed2ade376d1f871	match	5ed2ade376d1f871	match
w3_173	259dd55c79bb8813	259dd55c79bb8813	match	259dd55c79bb8813	match	259dd55c79bb8813	match
w3_174	f651359f22d4e9ba	f651359f22d4e9ba	match	f651359f22d4e9ba	match	f651359f22d4e9ba	match
w3_175	1e8d132818979d3d	1e8d132818979d3d	match	1e8d132818979d3d	match	1e8d132818979d3d	match
w3_176	96cf374e66004056	96cf374e66004056	match	96cf374e66004056	match	96cf374e66004056	match
w3_177	3f55648e652ef69c	3f55648e652ef69c	match	3f55648e652ef69c	match	3f55648e652ef69c	match
w3_178	0fc8cefd593a063e	0fc8cefd593a063e	match	0fc8cefd593a063e	match	0fc8cefd593a063e	match
w3_179	58c545097dde8f8a	58c545097dde8f8a	match	58c545097dde8f8a	match	58c545097dde8f8a	match
c01	cffdbbf2df9ec285	cffdbbf2df9ec285	match	cffdbbf2df9ec285	match	cffdbbf2df9ec285	match
c02	c2658cbb7d47f291	c2658cbb7d47f291	match	c2658cbb7d47f291	match	c2658cbb7d47f291	match
c03	558a717b349afc30	558a717b349afc30	match	558a717b349afc30	match	558a717b349afc30	match
c04	f32035a51349675e	f32035a51349675e	match	f32035a51349675e	match	f32035a51349675e	match
c05	d8f65b82ef2a9a91	d8f65b82ef2a9a91	match	d8f65b82ef2a9a91	match	d8f65b82ef2a9a91	match
c06	70078bc50cc41d4e	70078bc50cc41d4e	match	70078bc50cc41d4e	match	70078bc50cc41d4e	match
c07	f4ecbf55b4e6ffbd	f4ecbf55b4e6ffbd	match	f4ecbf55b4e6ffbd	match	f4ecbf55b4e6ffbd	match
c08	cc264de1827e8089	cc264de1827e8089	match	cc264de1827e8089	match	cc264de1827e8089	match
c09	8f6661eb945588ff	09f5c848327e9f42	differs	8f6661eb945588ff	match	8f6661eb945588ff	match
c10	b2c0f8cc9bfb1ac5	0afd8dc4ef6b6384	differs	b2c0f8cc9bfb1ac5	match	b2c0f8cc9bfb1ac5	match
c11	928d36c856ca0ad2	928d36c856ca0ad2	match	928d36c856ca0ad2	match	928d36c856ca0ad2	match
c12	b718d55cdd16a9b6	b718d55cdd16a9b6	match	b718d55cdd16a9b6	match	b718d55cdd16a9b6	match
c13	7a055c9d1e4231cd	7a055c9d1e4231cd	match	7a055c9d1e4231cd	match	7a055c9d1e4231cd	match
c14	6adb4def378ecece	6adb4def378ecece	match	6adb4def378ecece	match	6adb4def378ecece	match
c15	44090e87b5cb8696	44090e87b5cb8696	match	44090e87b5cb8696	match	44090e87b5cb8696	match
c16	6bd2d7b202772c08	6bd2d7b202772c08	match	6bd2d7b202772c08	match	6bd2d7b202772c08	match
c17	4dbd18cf254c2d12	4dbd18cf254c2d12	match	4dbd18cf254c2d12	match	4dbd18cf254c2d12	match
c18	2c90fa2efc74c15c	2c90fa2efc74c15c	match	2c90fa2efc74c15c	match	2c90fa2efc74c15c	match
c19	c9d4584f19fb9ade	c9d4584f19fb9ade	match	c9d4584f19fb9ade	match	c9d4584f19fb9ade	match
c20	f0e295696422758e	277dcf0b49df5f93	differs	f0e295696422758e	match	f0e295696422758e	match
c21	522965f8df004212	522965f8df004212	match	522965f8df004212	match	522965f8df004212	match
c22	d2a0eb38d2df43af	d2a0eb38d2df43af	match	d2a0eb38d2df43af	match	d2a0eb38d2df43af	match
c23	ff819b471e12a188	ff819b471e12a188	match	ff819b471e12a188	match	ff819b471e12a188	match
c24	19568d9485324478	19568d9485324478	match	19568d9485324478	match	19568d9485324478	match
c25	cfb413a654da948d	c14704a8279ee0a5	differs	cfb413a654da948d	match	cfb413a654da948d	match
c26	46364066d13f6b2d	46364066d13f6b2d	match	46364066d13f6b2d	match	46364066d13f6b2d	match
c27	b46a7cb0206cfd02	b46a7cb0206cfd02	match	b46a7cb0206cfd02	match	b46a7cb0206cfd02	match
c28	6d71b755ec208bbb	6d71b755ec208bbb	match	6d71b755ec208bbb	match	6d71b755ec208bbb	match
c29	48a662b2a6a930b5	48a662b2a6a930b5	match	48a662b2a6a930b5	match	48a662b2a6a930b5	match
c30	0b0995d35df55f8c	0b0995d35df55f8c	match	0b0995d35df55f8c	match	0b0995d35df55f8c	match
c31	c6cd95b29a3a022e	c6cd95b29a3a022e	match	c6cd95b29a3a022e	match	c6cd95b29a3a022e	match
c32	231471aa05e04a94	231471aa05e04a94	match	231471aa05e04a94	match	231471aa05e04a94	match
c33	c6fa916a979a4d40	c6fa916a979a4d40	match	c6fa916a979a4d40	match	c6fa916a979a4d40	match
c34	1a6814e055ca9c9d	1a6814e055ca9c9d	match	1a6814e055ca9c9d	match	1a6814e055ca9c9d	match
c35	c5c6987943ebf568	c5c6987943ebf568	match	c5c6987943ebf568	match	c5c6987943ebf568	match
c36	cb1005a371f5fcfd	7a6467143f8454f5	differs	cb1005a371f5fcfd	match	cb1005a371f5fcfd	match
c37	cf9bfae01c0887db	cf9bfae01c0887db	match	cf9bfae01c0887db	match	cf9bfae01c0887db	match
c38	983803aed23ee55e	c8bdff580d5756de	differs	c8bdff580d5756de	differs	c8bdff580d5756de	differs
c39	e2e6058152c83ab6	259014ae7376196f	differs	259014ae7376196f	differs	259014ae7376196f	differs
c40	ec3e4717d5cf4ea7	ec3e4717d5cf4ea7	match	ec3e4717d5cf4ea7	match	ec3e4717d5cf4ea7	match
c41	be2f98b732b7d7c4	be2f98b732b7d7c4	match	be2f98b732b7d7c4	match	be2f98b732b7d7c4	match
c42	1dfba015fb0f952f	1dfba015fb0f952f	match	1dfba015fb0f952f	match	1dfba015fb0f952f	match
c43	b99e8a9e37d232e7	b99e8a9e37d232e7	match	b99e8a9e37d232e7	match	b99e8a9e37d232e7	match
c44	8df931dd11d4c27e	8df931dd11d4c27e	match	8df931dd11d4c27e	match	8df931dd11d4c27e	match
c45	764634b5d00872df	764634b5d00872df	match	764634b5d00872df	match	764634b5d00872df	match
c46	8bd3c0e523eb2a5a	8bd3c0e523eb2a5a	match	8bd3c0e523eb2a5a	match	8bd3c0e523eb2a5a	match
c47	bd3f79f59e129a05	bd3f79f59e129a05	match	bd3f79f59e129a05	match	bd3f79f59e129a05	match
c48	3de45a50f0a35b96	3de45a50f0a35b96	match	3de45a50f0a35b96	match	3de45a50f0a35b96	match
c49	0483e47c70d25de5	0483e47c70d25de5	match	0483e47c70d25de5	match	0483e47c70d25de5	match
c50	48b595c650630079	48b595c650630079	match	48b595c650630079	match	48b595c650630079	match
c51	401a1fc2d88e403f	401a1fc2d88e403f	match	401a1fc2d88e403f	match	401a1fc2d88e403f	match
c52	bd402ae594df9ee3	bd402ae594df9ee3	match	bd402ae594df9ee3	match	bd402ae594df9ee3	match
c53	d9530152b36694b5	d9530152b36694b5	match	d9530152b36694b5	match	d9530152b36694b5	match
c54	394d5514745d04af	394d5514745d04af	match	394d5514745d04af	match	394d5514745d04af	match
c55	08237b530f8a9271	08237b530f8a9271	match	08237b530f8a9271	match	08237b530f8a9271	match
c56	4ca3fa1e35033dc1	4ca3fa1e35033dc1	match	4ca3fa1e35033dc1	match	4ca3fa1e35033dc1	match
c57	9e692badd9626197	9e692badd9626197	match	9e692badd9626197	match	9e692badd9626197	match
c58	9e6948e4bb04590a	9e6948e4bb04590a	match	9e6948e4bb04590a	match	9e6948e4bb04590a	match
c59	cfe5e7d715fa41a5	cfe5e7d715fa41a5	match	cfe5e7d715fa41a5	match	cfe5e7d715fa41a5	match
c60	c3e2cf2862390363	c3e2cf2862390363	match	c3e2cf2862390363	match	c3e2cf2862390363	match
a01	f4d31b00665af96c	e8d8653a27036e3b	differs	f4d31b00665af96c	match	f4d31b00665af96c	match
a02	aed0677df4e4ce60	aed0677df4e4ce60	match	aed0677df4e4ce60	match	aed0677df4e4ce60	match
a03	d5323fcad3b419f8	d5323fcad3b419f8	match	d5323fcad3b419f8	match	d5323fcad3b419f8	match
a04	be909c811f5e6c97	be909c811f5e6c97	match	be909c811f5e6c97	match	be909c811f5e6c97	match
a05	fa3d308b52500937	6af14ae10a257d8f	differs	6af14ae10a257d8f	differs	fa3d308b52500937	match
a06	7e830bad64e26719	7e830bad64e26719	match	7e830bad64e26719	match	7e830bad64e26719	match
a07	62b6f3769d167877	62b6f3769d167877	match	62b6f3769d167877	match	62b6f3769d167877	match
a08	e7fa2ff4050fe498	e7fa2ff4050fe498	match	e7fa2ff4050fe498	match	e7fa2ff4050fe498	match
a09	a51206ef2845a85b	a51206ef2845a85b	match	a51206ef2845a85b	match	a51206ef2845a85b	match
a10	78da25581f30193e	78da25581f30193e	match	78da25581f30193e	match	78da25581f30193e	match
a11	b213f01965c25bfc	b213f01965c25bfc	match	01476feff8fef860	differs	b213f01965c25bfc	match
a12	75cac157ee77178b	75cac157ee77178b	match	a9ae35bcae54d78a	differs	75cac157ee77178b	match
a13	14859dd07c960fc4	2b89fd1c6a12ac0a	differs	2b89fd1c6a12ac0a	differs	14859dd07c960fc4	match
a14	706defb82c425222	33b52d82b7c1bb20	differs	33b52d82b7c1bb20	differs	706defb82c425222	match
a15	2a9dda2d0d6fd60b	79a3b8eed13b2836	differs	79a3b8eed13b2836	differs	2a9dda2d0d6fd60b	match
a16	1937ed07e079e53f	3515b93fe9934749	differs	1937ed07e079e53f	match	1937ed07e079e53f	match
d01	c40103ef10081f6c	0f960d0f5cf65def	differs	c40103ef10081f6c	match	c40103ef10081f6c	match
d02	2d9ce555df92fdb4	935ce8e9946ad14f	differs	935ce8e9946ad14f	differs	2d9ce555df92fdb4	match
d03	5bc029da222869da	5bc029da222869da	match	5bc029da222869da	match	5bc029da222869da	match
d04	a7adc4ad5a21a96f	a779849baa6a087e	differs	a7adc4ad5a21a96f	match	a7adc4ad5a21a96f	match
d05	7e7e3b2edd1261c0	c58175c545edf04b	differs	7e7e3b2edd1261c0	match	7e7e3b2edd1261c0	match
d06	e33c4137d0556168	e33c4137d0556168	match	e33c4137d0556168	match	e33c4137d0556168	match
d07	a7294b793208218a	a7294b793208218a	match	a7294b793208218a	match	a7294b793208218a	match
d08	a4c0af86cbb39343	c4f4a53306d231cb	differs	a4c0af86cbb39343	match	a4c0af86cbb39343	match
q01	a2e9affd51f0de1a	a2e9affd51f0de1a	match	a2e9affd51f0de1a	match	a2e9affd51f0de1a	match
q02	33842988f535096b	33842988f535096b	match	33842988f535096b	match	33842988f535096b	match
q03	789dfdd6f26632fe	70105dccd26e5411	differs	789dfdd6f26632fe	match	789dfdd6f26632fe	match
q04	d388bdc8d69af97c	4db01a100ef56269	differs	d388bdc8d69af97c	match	d388bdc8d69af97c	match
q05	5c2835c3f2ac632c	2dca23fd755eaf2a	differs	5c2835c3f2ac632c	match	5c2835c3f2ac632c	match
q06	a6cb75529dcdb90d	90ee87b588a836f5	differs	a6cb75529dcdb90d	match	a6cb75529dcdb90d	match
q07	e9d22d5bc527f6b4	e3d69b4528d61711	differs	e9d22d5bc527f6b4	match	e9d22d5bc527f6b4	match
q08	2a3982c8fa5e0060	0449e756709ddf18	differs	2a3982c8fa5e0060	match	2a3982c8fa5e0060	match
q09	68096c3c89b28868	35d8f03b78487735	differs	68096c3c89b28868	match	68096c3c89b28868	match
q10	d4745a7d3edc2d83	d4745a7d3edc2d83	match	d4745a7d3edc2d83	match	d4745a7d3edc2d83	match
q11	02371d6f2de91629	02371d6f2de91629	match	02371d6f2de91629	match	02371d6f2de91629	match
q12	cf0ce3704fe2446b	cf0ce3704fe2446b	match	cf0ce3704fe2446b	match	cf0ce3704fe2446b	match
q13	2edced73b693f754	c14df6cf03383105	differs	2edced73b693f754	match	2edced73b693f754	match
q14	11178871922ad83e	5cf2adf61d5e8ecc	differs	11178871922ad83e	match	11178871922ad83e	match
q15	919b61b4e734e015	19268f8e0a58e23f	differs	919b61b4e734e015	match	919b61b4e734e015	match
q16	e34ea016c10c3099	e34ea016c10c3099	match	e34ea016c10c3099	match	e34ea016c10c3099	match
q17	99528184687ed757	faea607108190c1f	differs	99528184687ed757	match	99528184687ed757	match
q18	f591c4ae2bc6da39	f591c4ae2bc6da39	match	f591c4ae2bc6da39	match	f591c4ae2bc6da39	match
q19	b7fc20d27cf806c7	b7fc20d27cf806c7	match	e34db51d59958587	differs	b7fc20d27cf806c7	match
q20	54d7310df9a2eaae	54d7310df9a2eaae	match	163a7c0be7a7e97a	differs	54d7310df9a2eaae	match
q21	07ef28d5223d278e	07ef28d5223d278e	match	07ef28d5223d278e	match	07ef28d5223d278e	match
q22	da9d1c834b1b434e	5df6b824aaed89f8	differs	da9d1c834b1b434e	match	da9d1c834b1b434e	match
q23	925e6d01c52fc17f	925e6d01c52fc17f	match	925e6d01c52fc17f	match	925e6d01c52fc17f	match
q24	ea419ded7daf343d	ea419ded7daf343d	match	ea419ded7daf343d	match	ea419ded7daf343d	match
g01	6376a8b47cff15d3	6376a8b47cff15d3	match	6376a8b47cff15d3	match	6376a8b47cff15d3	match
g02	0a477966f6d7c58b	0a477966f6d7c58b	match	979a2635cb8a3d62	differs	0a477966f6d7c58b	match
g03	26c076d1a78aeb06	26c076d1a78aeb06	match	2e5a398c3713772f	differs	26c076d1a78aeb06	match
g04	efa6bfb924d9abec	7ba1d6432f475104	differs	efa6bfb924d9abec	match	efa6bfb924d9abec	match
g05	8fee2107056c5905	dd34b4020c697841	differs	8fee2107056c5905	match	8fee2107056c5905	match
g06	57850fbb44c271c5	57850fbb44c271c5	match	57850fbb44c271c5	match	57850fbb44c271c5	match
g07	39737304349666c6	64cab75416c698c3	differs	39737304349666c6	match	39737304349666c6	match
g08	ad7748008cc40104	ad7748008cc40104	match	ad7748008cc40104	match	ad7748008cc40104	match
g09	956ef3ef080019ed	956ef3ef080019ed	match	956ef3ef080019ed	match	956ef3ef080019ed	match
g10	20059ad7fb47e7dd	1b0ecb72918d217e	differs	20059ad7fb47e7dd	match	20059ad7fb47e7dd	match
g11	958395e440477ac8	958395e440477ac8	match	958395e440477ac8	match	958395e440477ac8	match
n01	97845560b3bd44bf	97845560b3bd44bf	match	97845560b3bd44bf	match	97845560b3bd44bf	match
n02	3e1e0437f61cd8bb	0f5be18d7f7cc797	differs	0f5be18d7f7cc797	differs	0f5be18d7f7cc797	differs
n03	f21ef979607290f6	630c8b1267624adf	differs	630c8b1267624adf	differs	630c8b1267624adf	differs
n04	62515ad43271edde	c9579638fc500a02	differs	c9579638fc500a02	differs	c9579638fc500a02	differs
n05	79159ac7f6538bbf	e8a3daa5561940e2	differs	e8a3daa5561940e2	differs	e8a3daa5561940e2	differs
n06	9e309cb2f7c4e315	6d9204f859311bc4	differs	6d9204f859311bc4	differs	6d9204f859311bc4	differs
n07	f5726af614297e65	5cf5b916891a32d7	differs	5cf5b916891a32d7	differs	5cf5b916891a32d7	differs
n08	e577b1b42fd967a9	80bc90b5ceb0014c	differs	80bc90b5ceb0014c	differs	80bc90b5ceb0014c	differs
n09	cc952eb7c124d52c	07efbc0ef7a82271	differs	07efbc0ef7a82271	differs	07efbc0ef7a82271	differs
n10	83c4b0f4f7562e9b	10649475dc2a0df7	differs	10649475dc2a0df7	differs	10649475dc2a0df7	differs
n11	cad3a9cdae64f44d	d418d3aa75c75e57	differs	d418d3aa75c75e57	differs	d418d3aa75c75e57	differs
n12	0dc69fed2082d14d	8ffa6c359abd4517	differs	8ffa6c359abd4517	differs	8ffa6c359abd4517	differs
n13	6c6bef7bb76e59d6	f582850b36da0984	differs	f582850b36da0984	differs	f582850b36da0984	differs
n14	5c9d3453c0d955c6	5ad367be9ae6f706	differs	5ad367be9ae6f706	differs	5ad367be9ae6f706	differs
n15	32359f9f3ecdf33f	32359f9f3ecdf33f	match	32359f9f3ecdf33f	match	32359f9f3ecdf33f	match
n16	2bc99db108a2d630	2bc99db108a2d630	match	2bc99db108a2d630	match	2bc99db108a2d630	match
n17	818646d8c0ff6ba7	2deb5154fb04c4bf	differs	2deb5154fb04c4bf	differs	2deb5154fb04c4bf	differs
n18	1d453caf5260c3d4	5ca7a9cac8e1e3e8	differs	5ca7a9cac8e1e3e8	differs	5ca7a9cac8e1e3e8	differs
n19	47866f76a80dce1d	47866f76a80dce1d	match	47866f76a80dce1d	match	47866f76a80dce1d	match
n20	cc3ffd91c1faadb7	cc3ffd91c1faadb7	match	cc3ffd91c1faadb7	match	cc3ffd91c1faadb7	match
n21	f3c6daaa11213fa6	f3c6daaa11213fa6	match	f3c6daaa11213fa6	match	f3c6daaa11213fa6	match
n22	e09637e42fbcee4a	3d40e4729de12b65	differs	3d40e4729de12b65	differs	3d40e4729de12b65	differs
n23	ebd503adca580f49	e60895d44712da7a	differs	e60895d44712da7a	differs	e60895d44712da7a	differs
n24	4b98dc37cd7fe657	3591ca148d214e2f	differs	3591ca148d214e2f	differs	3591ca148d214e2f	differs
n25	03a993d55d26d43b	c9717ba23523e94b	differs	c9717ba23523e94b	differs	c9717ba23523e94b	differs
n26	486ca7a905b91a1b	f9ab86e09a856e80	differs	f9ab86e09a856e80	differs	f9ab86e09a856e80	differs
n27	cd5199b898b976d9	fb837665ec83e42e	differs	fb837665ec83e42e	differs	fb837665ec83e42e	differs
n28	734fc8793766ef75	ad4d3f7feb3ea722	differs	ad4d3f7feb3ea722	differs	ad4d3f7feb3ea722	differs
b01	5818123d6ea9296e	de07515b089f2545	differs	de07515b089f2545	differs	5818123d6ea9296e	match
b02	99160cd85d34ca0c	93f10d2484084552	differs	93f10d2484084552	differs	99160cd85d34ca0c	match
b03	47dffd1726f20c53	b8dbb4b04fff786e	differs	b8dbb4b04fff786e	differs	47dffd1726f20c53	match
b04	614b5af5cdd420fa	38dd3496e6995eaf	differs	38dd3496e6995eaf	differs	614b5af5cdd420fa	match
b05	dcb5e5f45a02a607	da30fce3119cac6c	differs	da30fce3119cac6c	differs	da30fce3119cac6c	differs
b06	20e4b23966d766be	20e4b23966d766be	match	20e4b23966d766be	match	20e4b23966d766be	match
b07	89477c73a1eaa37b	06c6560ccaa9f7b0	differs	06c6560ccaa9f7b0	differs	89477c73a1eaa37b	match
b08	a085bfa8636c6716	4de81111f5360d6f	differs	4de81111f5360d6f	differs	a085bfa8636c6716	match
b09	43460d6f4419a3cb	32eea6ca20eaea90	differs	32eea6ca20eaea90	differs	43460d6f4419a3cb	match
b10	f873c1d9572b32fc	f873c1d9572b32fc	match	f873c1d9572b32fc	match	f873c1d9572b32fc	match
b11	232f1daf334fa553	232f1daf334fa553	match	232f1daf334fa553	match	232f1daf334fa553	match
b12	8d76d8c3fe793be9	8d76d8c3fe793be9	match	8d76d8c3fe793be9	match	8d76d8c3fe793be9	match
b13	4146068654b431cf	4146068654b431cf	match	4146068654b431cf	match	4146068654b431cf	match
b14	2bab383df767d628	2bab383df767d628	match	2bab383df767d628	match	2bab383df767d628	match
b15	1475a96f2c78940f	1475a96f2c78940f	match	1475a96f2c78940f	match	1475a96f2c78940f	match
b16	3e3b443ccfeb5d2b	14d9ef66a62cc514	differs	14d9ef66a62cc514	differs	33d0813fe09d0e10	differs
b17	1536b5b143cb37bc	1536b5b143cb37bc	match	1536b5b143cb37bc	match	1536b5b143cb37bc	match
b18	2168761a1369d8b9	9b4bde12433d6b10	differs	9b4bde12433d6b10	differs	2168761a1369d8b9	match
b19	3407258b488eb9fc	a1b464ecdeaf16b4	differs	a1b464ecdeaf16b4	differs	3407258b488eb9fc	match
b20	971ef238cfe2f4ab	9f41a39a2bd2ead4	differs	9f41a39a2bd2ead4	differs	971ef238cfe2f4ab	match
b21	b65932f51a186b85	a0c62ce10e9ac16c	differs	a0c62ce10e9ac16c	differs	b65932f51a186b85	match
b22	719e8cc34d1e5e6a	8670bca7d7fa8ab3	differs	8670bca7d7fa8ab3	differs	719e8cc34d1e5e6a	match
b23	9cfa82b1e9a433c5	31e1052efa80b554	differs	09a708c8f9cfbf32	differs	9cfa82b1e9a433c5	match
b24	ffcce656250b2a17	99be1a6e5555e46d	differs	99be1a6e5555e46d	differs	14e124cc857e7bd6	differs
b25	3b7f77433d3f0d28	44bd920672926ac0	differs	44bd920672926ac0	differs	f198b90327a4cfa0	differs
b26	40d201bc986dd6a8	40d201bc986dd6a8	match	40d201bc986dd6a8	match	40d201bc986dd6a8	match
b27	8529e7c36178d349	8529e7c36178d349	match	8529e7c36178d349	match	8529e7c36178d349	match
b28	204372cfc892de11	9305c00f084cac53	differs	204372cfc892de11	match	204372cfc892de11	match
b29	b9c98e0d57b51186	0510458a43af622a	differs	b9c98e0d57b51186	match	b9c98e0d57b51186	match
b30	3aa6bb7e632f620f	f3ff2f7a17395abe	differs	3aa6bb7e632f620f	match	3aa6bb7e632f620f	match
b31	e2f338c939ff228e	ecedbdd0cf613126	differs	e2f338c939ff228e	match	e2f338c939ff228e	match
b32	d9fe7ee7de05bf7f	12dcf85ad792cae6	differs	f37f1853cb0de95c	differs	12dcf85ad792cae6	differs
b33	3a038c9fd79f0692	3a038c9fd79f0692	match	fd6c7b537ddc9c5b	differs	3a038c9fd79f0692	match
b34	91cd9ba73511d38d	91cd9ba73511d38d	match	ada1405410683954	differs	91cd9ba73511d38d	match
b35	b1e71fd592492792	b44406c1e8da71a6	differs	b1e71fd592492792	match	b1e71fd592492792	match
b36	39b1a229e33fabc2	39b1a229e33fabc2	match	9443c7ea1a6c18d6	differs	39b1a229e33fabc2	match
