record	candidate_id	arm	physical_row	char_count	sha256
row	wrap_then_newline_blank	P79	0	79	2052b759f5ad616dec5631af6c3b2d7c6474d03dec78073dff7761caa47bdf7f
row	wrap_then_newline_blank	P79	1	1	4b5f5632b9c8c6282816b8a49e10aca0a4102b06c330ccb4634881034035df56
summary	wrap_then_newline_blank	P79	-	2	ddf65fd3300482d03fe3f0e87ec051d6460ab2e09c50d5a0e27d49136eace89a
row	wrap_then_newline_blank	P80	0	80	c036302212c0cdfd318e70454e4f8bcaff6edb03b22cff03388b6a43b98f2878
row	wrap_then_newline_blank	P80	2	1	db2652ddf11642d660b39bf76759009b7d00d2a9c1e2aa51a23e5e461df7f785
summary	wrap_then_newline_blank	P80	-	2	a221bd777d08542c2918088e79920ec4fc26573c229f06be735140554fa8c622
row	wrap_then_newline_blank	P81	0	80	c036302212c0cdfd318e70454e4f8bcaff6edb03b22cff03388b6a43b98f2878
row	wrap_then_newline_blank	P81	1	1	542e4a48b67cd95d981957e8807571c8b301695dbfa110d5e64f84ab12fc2df0
row	wrap_then_newline_blank	P81	2	1	db2652ddf11642d660b39bf76759009b7d00d2a9c1e2aa51a23e5e461df7f785
summary	wrap_then_newline_blank	P81	-	3	bfb7351a0a6c8ab6641eb9bb7e3ca8da86549024a6a2e1e96c92671659431acb
row	wrap_absorbs_newline	P79	0	79	2052b759f5ad616dec5631af6c3b2d7c6474d03dec78073dff7761caa47bdf7f
row	wrap_absorbs_newline	P79	1	1	4b5f5632b9c8c6282816b8a49e10aca0a4102b06c330ccb4634881034035df56
summary	wrap_absorbs_newline	P79	-	2	ddf65fd3300482d03fe3f0e87ec051d6460ab2e09c50d5a0e27d49136eace89a
row	wrap_absorbs_newline	P80	0	80	c036302212c0cdfd318e70454e4f8bcaff6edb03b22cff03388b6a43b98f2878
row	wrap_absorbs_newline	P80	1	1	4b5f5632b9c8c6282816b8a49e10aca0a4102b06c330ccb4634881034035df56
summary	wrap_absorbs_newline	P80	-	2	6288ad975c0a319cad21755dbc553a40e99cf6a1b9fff9dddb3470b99e60173d
row	wrap_absorbs_newline	P81	0	80	c036302212c0cdfd318e70454e4f8bcaff6edb03b22cff03388b6a43b98f2878
row	wrap_absorbs_newline	P81	1	1	542e4a48b67cd95d981957e8807571c8b301695dbfa110d5e64f84ab12fc2df0
row	wrap_absorbs_newline	P81	2	1	db2652ddf11642d660b39bf76759009b7d00d2a9c1e2aa51a23e5e461df7f785
summary	wrap_absorbs_newline	P81	-	3	bfb7351a0a6c8ab6641eb9bb7e3ca8da86549024a6a2e1e96c92671659431acb
