record	arm	candidate_id	physical_row	char_count	sha256
row	I-1	loads_lines	0	10	dc8b20c1f2961011214f4c17d8b1ee2d088779f60c40a453353d16f9b5951fc2
row	I-1	loads_lines	1	10	a324c506adf9ef60dbe79ad6dfce7dccde64bcad34c77984ea38004d24e2c698
summary	I-1	loads_lines	-	2	f6bf73888450a421b405248334c06a11b03b62b8bb3986ee656cf2171447eb12
row	I-2	replaces	0	10	dc8b20c1f2961011214f4c17d8b1ee2d088779f60c40a453353d16f9b5951fc2
row	I-2	replaces	1	10	a324c506adf9ef60dbe79ad6dfce7dccde64bcad34c77984ea38004d24e2c698
summary	I-2	replaces	-	2	f6bf73888450a421b405248334c06a11b03b62b8bb3986ee656cf2171447eb12
row	I-2	merges	0	10	4a8c271df9aed0dc66752c2facd38f019a58c1c150814db86267855feb958815
row	I-2	merges	1	10	a324c506adf9ef60dbe79ad6dfce7dccde64bcad34c77984ea38004d24e2c698
summary	I-2	merges	-	2	76a3f22c97f611304a79d92003afdf5c116923c567949ee1e00e4dcf45b40b18
row	I-3	sorted	0	10	dc8b20c1f2961011214f4c17d8b1ee2d088779f60c40a453353d16f9b5951fc2
row	I-3	sorted	1	10	17e29a3405faddab0ef6fbaecd8177670a2933be0d148e6bae6821b0dc704efd
summary	I-3	sorted	-	2	a688cf1a3765b3d636ebf8e3ca35b8339d4b1c3b876351f8850b67e8e3ef29a4
row	I-3	file_order	0	10	50113a11de2c87ad1e490dcb9ad2e32cc0ae5d107d43d165686feed12f727450
row	I-3	file_order	1	10	168ab21bce80f398f6dba8b806681cd4d076decc95e33b0fd99e5aaa74d6395d
summary	I-3	file_order	-	2	7989b6da930655271419cff9edc562f5fe68c73d5903d78d499a001f10286a07
summary	I-4	ok_only	-	0	e3b0c44298fc1c149afbf4c8996fb92427ae41e4649b934ca495991b7852b855
row	E-1	err_0	0	2	87e71016cc53e56979a00afe06ad3aafbdb1877e91f7d405dcad0be57e0be922
summary	E-1	err_0	-	1	4de21ae8c8f6d8b4b17c2a9c4c3bb2b74da2fde20e9c97e88561c173d2fbee63
row	E-1	err_1	0	2	4dda29dab7c756d97cf087063db655e2d66dc82d253f5b75966da906b7798460
summary	E-1	err_1	-	1	9c4d93cd574d4086678b0baae8602d5a3e50f40b6df4b79c7e19e043e6f2881f
row	E-1	err_2	0	2	007c02a235f010c483c6d7072acdf941db5855870c559f3f651e9a617021d05b
summary	E-1	err_2	-	1	080f8c1881885e71f1671ddb07cd46c405c086fca5e64d479f29fa017024473f
row	E-1	err_3	0	2	fd12f4a4e58a1b181a5728f36b1e3377f85b53fda10d98247d2e9d139d563248
summary	E-1	err_3	-	1	7bf1c4804cead9dcf7e55135f06ae4d705fbeda400fd9164d07ee33a0a95b2fe
row	E-1	err_4	0	2	1cac6c650b31698a9503a9eeef94ee71c2ab77ff2d1785cc665c8b3bda0af11d
summary	E-1	err_4	-	1	863aa414a73f0a638102afb20b1a2fd47ec72f42cfeb7a60a669f93e61389c7d
row	E-1	err_5	0	2	1f86e21d7413a0e63e1a296212be6694837a48a1b0548e0f5db963d378493569
summary	E-1	err_5	-	1	9ac559ac7bce1c3bc368ec4a72ada7b73bef6b240d064c5eb1a62822fecb3321
row	E-1	err_6	0	2	fd22abe6651531b214b3e8e8b49e22bdd8bef236edda064380bad441c101b85f
summary	E-1	err_6	-	1	2d0d52782931fa735b6976e3a77983f9a4bff6f38c5cf11bdd83b2175261aee8
row	E-1	err_7	0	2	52eac6f551d1c94fd3a6155021d9f73206019796a2a59871609cf8163cf40f97
summary	E-1	err_7	-	1	2f300d536c163089a2ccc38d67b25c8bdc14429efdaa0049cf04f1bb59b4245e
row	E-1	err_8	0	2	2b22cdd62824efeecb2fc27e974735d62950f397b3154d0fc348726f3012f99c
summary	E-1	err_8	-	1	de301832fb8bc2196b05e9b3954e04b8e3dbecb32048df2b27af0fb36b53b748
row	E-1	err_9	0	2	06cd5a537774579755255653e566a7e9e17ce2bb3fe26dfcf1f87bb44912fb40
summary	E-1	err_9	-	1	9c003b63f166e3cbe29513699d5aca9c9459220a46ce9203e2ae1acffa6f8a8b
row	E-1	err_10	0	3	76951fe0c45abb2a868c243b2cff329dd82485cf918c6eceb2b7b94ece761186
summary	E-1	err_10	-	1	ca3dae564972a86376da123ece3c3d251b8716643f13576f37beef50ac48d399
row	E-1	err_11	0	3	d1b535800283990e502b32c67c9ae02665df584ba8764d61f01c12666a2ed027
summary	E-1	err_11	-	1	9108c24046a58c723293b02fcfd7f5eccde3d9fefb21ff8f69fc8ca57cf1bd3c
row	E-1	err_12	0	3	b58368af27f5397159a136315ca407e7c1c54e999b531a2c1b4b4437399a47f7
summary	E-1	err_12	-	1	77d892d13abca47446b23811a61ea4ef06aeed18968740a966cdbdeb68aacc49
row	E-1	err_13	0	3	d9df889b6507fd54533ab22d2d96c141f2a2493987e9a4c982a58807d1943fd9
summary	E-1	err_13	-	1	4e25db68ac9fb723116519f89b4427294b70bba662859017d4ac4ea24a31bc92
row	E-1	err_14	0	3	5137af85cb0e7ea28a411045d29601b0232f89ddfc45c3a701fddeb8f33ee2d3
summary	E-1	err_14	-	1	42118a64f585bd576aefd6150448aa3d90d31b2f710aa0ef50e2f00ec6e3f2d3
row	E-1	err_15	0	3	d14d7633f0233b9a5e45878e12da31a83d0dc6352a549c78019e229466d5a37a
summary	E-1	err_15	-	1	41809b78868e0821eeed60468513fc7825b59b380a89f316ae5e36baeedccbc0
row	E-1	err_16	0	3	23c603f80aa5d6e11d3adb906a6a17f02c983bf801383f31f4689e533bbb97de
summary	E-1	err_16	-	1	4c05c72b738f7e419d59534ad6d1c25950d644207c1a33deac5f3c87c2e90b44
row	E-1	err_17	0	3	e8e4717c0450cd13807877c9e313bbe9ccc330c47db12d52f30dbb7cca793d22
summary	E-1	err_17	-	1	03bd79f972c670cc79dd09cb9ea459584caae0c836520e5341cc25abb01a34eb
row	E-1	err_18	0	3	53ba0fbe9face8e5fc2be398a25badf1fbb7e4003de148c2e842dbccc5053e7c
summary	E-1	err_18	-	1	f93e043909079909163086253b61718645be3087c183dc9a63098393a2a60a5e
row	E-1	err_19	0	3	6aeab115a17e35c0116d0c9d0230e2cc215b28734951b2906c7180043d50a6b4
summary	E-1	err_19	-	1	2fffb1ea0dda9aa0af548afc64dafc923e959cfe1476e5add02647ea9a0fcf3f
row	E-1	err_20	0	3	5b44a058b3364c1fb9a3205a051f01723f96a5b3a95025868e0950bd328608be
summary	E-1	err_20	-	1	00788de79be3e4356cec0bba549601f621d690f61bdc115058f63cdda12a1b9e
row	E-1	err_21	0	3	c62b319a89227eed796b4f1dd98bdd5ac2a327b321d1e748c07db5c4d797f517
summary	E-1	err_21	-	1	9992ab71dd1b7c8a9882b5014ff381fa4c2f9ab610833bb169438052471ae483
row	E-1	err_22	0	3	e7fec2ac275fc0b71fccc4ab87b7c6323ee3c3b8f21c0e311e09bbf1151d9840
summary	E-1	err_22	-	1	927ef4908fa13ba06add27d715ea27c06f9e6561856384b4b8a56e94509e2907
row	E-1	err_23	0	3	355ec39a29a45eeee2ce8c2d69980af028340ad62041ed5026efa95df098f411
summary	E-1	err_23	-	1	bef76f3f457c58575a713d01000c23eb04522b3105f0d62ec259295806fde625
row	E-1	err_24	0	3	0072f35db3971689cab06ee3997e736cc28d759a48725a96c28d729f624fb434
summary	E-1	err_24	-	1	b20c5f3d8ef2b373a6c0e49acfc9add2ea6232d6dd50360e6d76b3bd6e244f13
row	E-1	err_25	0	3	d06d25a8676d5dd25cd86be65ffd82095b4619356cadff4a537ae06911c99671
summary	E-1	err_25	-	1	3e7135fcb2df6f6ddcbff6f02d70b4559695d0359f0d5b91a0d27c5d0c4aa2ea
row	E-1	err_26	0	3	a0421ef7f38d719259051137cab88cedcb2b5cb62b298acf62c19df7e4a143be
summary	E-1	err_26	-	1	e09f52de310a65e03102005c317a784a9795d6bb60c6380cd82be5b14c375cc2
row	E-1	err_27	0	3	8f06a4efecef3e2deba571a0c2d68409f259bd8d26c394e90736e3ff523d97b5
summary	E-1	err_27	-	1	35b17611b87031bb3603bdcf9a01f418b34b800a76c00c0a9b052f8eb8f76c4e
row	E-1	err_28	0	3	e5c644499b03c16f4908fd89beb50799e7e0efb992b51d3159c5d797341dbb72
summary	E-1	err_28	-	1	ed2d8248ef24bac7405dc5519171ab92c04ea5c8599b8b3ea01f982b9fc4127a
row	E-1	err_29	0	3	a2d0c76ee15089765c349c1752a45a23e29cfae2ba2c3fc237ad0d4e27d2ead6
summary	E-1	err_29	-	1	64a720bd8a99799b444ba8d523bec17cbb3344bc0d4460f330af9f430512cced
row	E-1	err_30	0	3	de12e010c264a27054b02b2164c9c23ab9628bf756aaa87a38097d48592b570e
summary	E-1	err_30	-	1	07ba6297426f04a9c92eb5a4d9c1ab2fb6d7f88aacff1b1fa04a916acc557634
row	E-1	err_31	0	3	c170de555b700ea3bd0e14cbbe46e9d3cc848c2fa0b850ecb11b92fb3382f069
summary	E-1	err_31	-	1	3ad45b4ee923c49e38a07656992cc4a8f21909a8cc3afdcaa9fa9d4d1974fef5
row	E-1	err_32	0	3	07abbd1dfd98fa8c3512f40b77d77841f72c4f703cd30ddb6d0b508247efc6f0
summary	E-1	err_32	-	1	550e94c891b53556f3069459ec890d54533e5822ad228558da42e9524b200252
row	E-1	err_33	0	3	596420e91ddfb29886456ed97624522499d32f8efa5e0bff997f1e090d94bc05
summary	E-1	err_33	-	1	59eaf15e8a21b613a76265ac2a85adeac95bba1483d9e76fc0489f91487c930a
row	E-1	err_34	0	3	060d5a3a5a37531bce758858d047c6a70199235733d0976d1bd8205951800804
summary	E-1	err_34	-	1	5aaee3847b1f82159d2524c5aea170f13fa694133be128c399b844edf4e86337
row	E-1	err_35	0	3	4f2cacb35f370ac6f67d6add98f111fd7825953efdeb8085420ca2c872bb71ed
summary	E-1	err_35	-	1	21a708024422eb83833eba73213b86b8a7a1f9a4ea5cbbad038abd769437cd44
row	E-1	err_36	0	3	a3310af0e65216819ccefa4eeb12697f88d1c8f418f2a3f468f276f1048026af
summary	E-1	err_36	-	1	12373991b840662d2877176b39f7f3d7b00750eabb92b16e1111a8c1e8100690
row	E-1	err_37	0	3	8c6f9d693a825ebb208b274bc1b6cfb96fbef3edc2ac8072d382957f0d03894a
summary	E-1	err_37	-	1	d707f78072be675c87aa3aea05c30558e74ca3111e07b373b59530d31ac8b364
row	E-1	err_38	0	3	c89fcaf3dab64bbca829eb8b00048f13f158e2c5b62d3a797cc0c4d420dce40c
summary	E-1	err_38	-	1	2f5568da0aae8bca3fcff1bdc952c4a1a926400aea0ed124d46fab9ff0eef21a
row	E-1	err_39	0	3	1e57eb568001ed04358367cd87aec3c8de9ebad8df0967a21a12d94e6a496435
summary	E-1	err_39	-	1	39fb9e3b3d0862aad6c4763df61467f1d50ede3c5fa7d2be55b057d09bdb0910
row	E-1	err_40	0	3	95e5d73cb15942e354c86100e45725788e410819dacd3daf47ede3a54efdd0da
summary	E-1	err_40	-	1	a23a2f9873c506132f2243c82baab0914dc2b5d4cd41f2ae9f72f8cf0c58184a
row	E-1	err_41	0	3	323d1b7df9cefee126c9497f781bfef87c450166d6a7a2a7a468e833c212cd5c
summary	E-1	err_41	-	1	790b21c1bfd9090e894a22a106f9b74f512b15404965856d695bc11281bcf86d
row	E-1	err_42	0	3	51ec9d9fa538115107d24c93ecaa9d09f9d5d46435546f2c43a6f0004e18bfdf
summary	E-1	err_42	-	1	3dbd5a8f4f7e4fe7e73b3ad98113d85e74fe9bcd079d3335f17d30af409d2713
row	E-1	err_43	0	3	87ef009d18a9d6e0370431f7841ac4de701dcf6c86bccd8e5d6edd50018c7fd9
summary	E-1	err_43	-	1	b286643d7b661382c7770ea19a540754f9eb5a15f1a3b4f0d6735114c4f66be4
row	E-1	err_44	0	3	7f833b09c55345b84e9c6779e9cac50998b5a58cdf606c98ba02049ad65ce483
summary	E-1	err_44	-	1	1e7d3f56ee566957f51ec534f0095e45e2df8774a9ccdfdfbaabb956bead4045
row	E-1	err_45	0	3	f6db9a42ecfcabb557ba6c255a5ccbf0ce1e21be318da3debdcc8391e68e3823
summary	E-1	err_45	-	1	a6c468aeec9967ab2ea134abdd84156cb8793dcd83c2b222b1f35f621dc809b2
row	E-1	err_46	0	3	63e967a2ce5ebe0fe04870c8fb7dab8d4ec94a257fce9ac87e7bc0a8ad34b9d0
summary	E-1	err_46	-	1	5d0c1dc56dbcec0a5178379a05806904b42ed2f90fb3f8244a9b825d48122ce2
row	E-1	err_47	0	3	916175d13d9170723e72756564748a06785b8e286a613bbe3d56c7527d1983a5
summary	E-1	err_47	-	1	fc2540086e01f891ef4a109e77cc3d969481a14a2e249ee3ba88d500d3d84d6b
row	E-1	err_48	0	3	77e0914ff1292fc7ab6f845f95f37770ea304455d74a4cc24bafc7abe9400167
summary	E-1	err_48	-	1	a635bbc3dc2c810b7a1c02ae81c1042c1472eff5e5136afb759b5fb548b46ce1
row	E-1	err_49	0	3	1fa8dd93016e9656ed9f822c72bccb2998ad49039186cda9d1837e8cef05c998
summary	E-1	err_49	-	1	79025997d7bc1971be8cab59034ad0b99a1dc850f9eb3f4e0840a1ce232e834b
row	E-1	err_50	0	3	a2bb5e61d749f41fcd9695d39ea849ea2983b5d231585d17106260694ad866c4
summary	E-1	err_50	-	1	83f2449d7e6d2dc45522da246463409fc525aad636af335907622b28afe3b25f
row	E-1	err_51	0	3	575414b8a420495a651e98531c6f84a05b8412667fb45aef5da39bc57f7d3c6d
summary	E-1	err_51	-	1	297623a6af7780b10cd292acf94f38066e6b78b0563f667ecd24ad639313b774
row	E-1	err_52	0	3	f0ae8441976c3390704eaaee0f9102cd2c53ad9b2522ae6af48a5357aac6197b
summary	E-1	err_52	-	1	40337693fe2b451d28c39c36e1022ad259e5bf3d494fb669c73690dae4f57aa9
row	E-1	err_53	0	3	72b973a11cfa69dc50d88d48ad946e96b3135f90cc7afbb8c2a07d917cc94c75
summary	E-1	err_53	-	1	7ce70188dae0e4b17f13fa4547f13df4f1d5e9cbd82f898cfa0d9d3a0824f9a6
row	E-1	err_54	0	3	c83511a32757da25a74dd795dd19e3af84b6ea42384bcf49564df2a73de26c7e
summary	E-1	err_54	-	1	1e44e1e36c68bb9fc644694ecc0c1b761c38bd852549fb0c243614555a4872c2
row	E-1	err_55	0	3	3335eae9dbe4bf219b3e61dd226295f0ea4a9fb46825a710140eb086bcc768e3
summary	E-1	err_55	-	1	8a22af519e5e9976f4efa2faafcf62056255caacd1e453ecb57139d9bad00823
row	E-1	err_56	0	3	5597a9cb9950be166e5931c47b8f8c1a96781304999ce10cc77e446a51e88072
summary	E-1	err_56	-	1	7c1547f623fb8b81b5c4c12295fd7b26ce7a480689ec3550af90967400870858
row	E-1	err_57	0	3	9e5a4a731621b9bb31af688272dcab0199d68c2cfa7b8e3d7000a081ced523b3
summary	E-1	err_57	-	1	36813f89370989fb81c22c0814358966b1a4b667cf9dd926e7113d6d85e1b967
row	E-1	err_58	0	3	49f60f611f33bbc18b1d0f9b2f0dcd577d2369088f88f13cc39641b80279416b
summary	E-1	err_58	-	1	107c8ac876d9f8b42a6ad28e13548946f975b7e7f77ad1e577bdd3efb01d6e41
row	E-1	err_59	0	3	4f4b330f4e013e6e46bea81730b2166bb1214a5631704ed455fc84dfb7a6611f
summary	E-1	err_59	-	1	3cf314e857b36fddf281a9139e465a10ebb3ac59935689c3d8e80dd6402709de
row	E-1	err_60	0	3	c01f8ccdb9fa5b1a55cd06e87f860d3c4fb25dcec5ad11fd1f23a0df45e16418
summary	E-1	err_60	-	1	4818d22065ba6552c821900bb15a63e9b8034818ff01de8cba95bd9a655cd6bc
row	E-1	err_61	0	3	ece2e80f60a5b271fa87db62185e50a1d26c38caf2e7126e3c2ffb3c570854b4
summary	E-1	err_61	-	1	b06bdf8b7a4602148ff35ca9a07b516d0e2730f250d40deb2e725d7355b2d186
row	E-1	err_62	0	3	1e0a514820d2e4daa7e4e73e397a22d1a29e74ec04227874e686dffacffca483
summary	E-1	err_62	-	1	5d97ea484b935a5498f97381fc67a786613ac49f429a2d9f9482a33f4965ac90
row	E-1	err_63	0	3	66142b1306a14a5ced60bf8cf32705be45161246b3339581f7a4a72634387598
summary	E-1	err_63	-	1	a451d21a941bf2920919187d6847a7075b8ebd94c64df2ba3d054e8a7b8ad01a
row	E-1	err_64	0	3	bb7ba062b1a04c924e7090996920a210d2aa9ffafdb36a156bc878c451cec2cb
summary	E-1	err_64	-	1	61f46c507715a19c79745c78c7893b47bb215db16f0ed766d3af458bcca19749
row	E-1	err_65	0	3	ad12789ed7696dcf0defbd5f679cbc237599cb9721e572c3de1e27d028af9b4d
summary	E-1	err_65	-	1	a4181cc04b03965ed1fe785c03216546f48edb836429cb4f49c0a3a7bf412c82
row	E-1	err_66	0	3	5313333e4d6c954330a612d9f71f34aebd6b96893fcfec5a0292c140fe624d55
summary	E-1	err_66	-	1	dec051dfb52b66e654e7eda8dc65a907ea87456d3080d1742bc8bab4c7a6050e
row	E-1	err_67	0	3	f31d8d4bce1bd31b687dc423c3d86ce7a4b24e10612bce09f5faccd7dc98fc22
summary	E-1	err_67	-	1	51b830c9441857ffd3aecf780eedf9f14d3b0c893722291562c4d74bece787af
row	E-1	err_68	0	3	ce9c501fc13de319e033965503eeafeab6ebc5ea03566bddb43395732f9b8489
summary	E-1	err_68	-	1	09928176a63b7afe304fd969a9a170e0292df5a2639213891230fd0b30cd0f2b
row	E-1	err_69	0	3	77956afbdf66b044179e0aaf50d75288cf6feae144c37c16730f4b06da598b9c
summary	E-1	err_69	-	1	6a61ae8bf276ebe76f79a85e5f54e7802799493c6ed86f6c9c68e51953a2e963
row	E-1	err_70	0	3	d771cfcdbf6362b96c2da9511b78535f4252f846c549630e8c60e19a4043ff97
summary	E-1	err_70	-	1	b480cd1eed307b6ce3a169edf3e7510f7484eba9ae8f7145bee2d8185320da92
row	E-1	err_71	0	3	c15d75cc1cb3c0500447636f39124eab2f515acbd0b8c76753817aef58dded14
summary	E-1	err_71	-	1	e5ab86c6f8baf92902d5d5c577c09b9b3393f0faa2f8e19fae6a94b5797dae2d
row	E-1	err_72	0	3	3a75ec1ebfa0a1884b29863543af4812dfe2240c4cdd871870c446f449c36ba9
summary	E-1	err_72	-	1	6bc7406045eeb7844efaab9793fe6d321ff922ea8021d495ff6548278fa7cef2
row	E-1	err_73	0	3	48e3eaf10f172dc9ebbe6a5a0ff2350a7b6f90af1c6e7c1ac67edd503df14ca9
summary	E-1	err_73	-	1	bbb29c353a4f93d954841c6386f4b3fd6bc5c0846335fdc9cdbb9dfbdacea0c1
row	E-1	err_74	0	3	e2d8daadc5baa9881c6dab6275d26f2def51401660590f91e425ec27b4ab5362
summary	E-1	err_74	-	1	9934ae711ca2a084961bd1d8be90aacb201ef2a7e4c6759d20cd5c0c6e8dd0c0
row	E-1	err_75	0	3	c238623e34e1e5e189659406f0f741e9b3a0d7dfa4a0750a011a068a5a91c2df
summary	E-1	err_75	-	1	861f3129a27aab54af7fa72e52204cb09568abbe5b8db020c8aaed0ce6fc21ff
row	E-1	err_76	0	3	7a887d0c7de3c02826389507346741f0dec3686886ecd9f5d540b02ccac0db42
summary	E-1	err_76	-	1	7c8dde1d4534220bd9daf5bca8870486ea934744682ab011727037ed521e3b5a
row	E-1	err_77	0	3	c28f83156d1dbc84195925734b339e5cc4fde5a19bada419603559c995380376
summary	E-1	err_77	-	1	3d2cd5a70235dcdb3143fc35321d4f2fae51728527a30fe3c652a6f8686f1468
row	E-1	err_78	0	3	468974d24737bb55a34872c4e7109721d1b35fb2791f1c8089d35ca178ad89bc
summary	E-1	err_78	-	1	30116c3b0f8bf9a685cb2b2eed19b3fc49c4e20036e1e1f7991e03e360d34f17
row	E-1	err_79	0	3	6975e085d4de294a587c14ebfdde977752c6a8faca1c575136c17f5afb2be69f
summary	E-1	err_79	-	1	d9b72c47ba52739886db7e34dd76052993a5a4ec838913b1aa45fda7d0612538
row	E-1	err_80	0	3	073fcf363f3989864796e9320c1cb7c176ce8e5d33821a5415d2322b5ea3d209
summary	E-1	err_80	-	1	878bde189756251a2b1fd4fe463c12a4b35d76ab47ae59086673dcec4f37cd56
row	E-1	err_81	0	3	3edf99b989b4f2d59a4ea766461613ad2d776ad3e6ed7c622631eec8dc781d75
summary	E-1	err_81	-	1	75931c60a1de73cb89bdd12f6953e8360497e6cf673b5544fb7183126fb77985
row	E-1	err_82	0	3	f11445994fb29a32bb3dc865eb647becb0b17d5f05cab09052c671342098fc80
summary	E-1	err_82	-	1	92a10d90833be67869c30b56579e8cf6855d97b4b3dc5adc2b7c7ed223337f1e
row	E-1	err_83	0	3	3b5e0ed66958f9973d5b7051a6df14acb72afa219bd7e8af485e54691fbfe048
summary	E-1	err_83	-	1	8a9f045f35ac663a8d53fdd859034a771ec33b2a4bd05a230b634d1b5e0635a1
row	E-1	err_84	0	3	9b6c131039ec1c507fff067049d5b59083a407d559a8bde144feef85a42286b8
summary	E-1	err_84	-	1	3a7b4483ce30eb5b83451dee2281fa53a91b06bfdd2dee917c4bbbf9c2010e4a
row	E-1	err_85	0	3	cc764c4a0eef256665a978f36f5998c9b2c92fe5a642df967cd81af4b818d447
summary	E-1	err_85	-	1	ced40d70b90752aedd4bd9a25cbb52371abf1b1cee7993b5823b27f231d9de43
row	E-1	err_86	0	3	23d0b6ab46693b089d5bcb671b4507ad1b2eda1237a47a3d20cf68ca48635f2b
summary	E-1	err_86	-	1	43e81d7bed4faa16b0a61a0f6cfe9fdbece20849f4f4d15ed18fa4a3378c1d0b
row	E-1	err_87	0	3	66f7e3403a96fd7d95ddb5b0ed0e356ebf4f807f65cba14bb234a064095f3d72
summary	E-1	err_87	-	1	48b204690b666e7d1068e6c459d8d11ffd65778d56eb2715809875ea160af99e
row	E-1	err_88	0	3	7eb26ee0f18e5db87ebe8d2a436ee955a8d900ed410f838bd9374554b40ab353
summary	E-1	err_88	-	1	e71507afa9f482ff7e4cee486dbc305cc98a3c65e2e00324d1fb37ec24f3c0c3
row	E-1	err_89	0	3	a1d93dbe979760fdb8cd60f67df038dca5146823fb0efdd2e5d7b8d61d3602c5
summary	E-1	err_89	-	1	2a0e42ee6988cf7787e481114ea4c627349a167501ee521bebe05f37005e1c38
row	E-1	err_90	0	3	f23ec7ba15a6e533a083fa47ddae1eb5c88f1c875ae3b623808fa5407489a8f0
summary	E-1	err_90	-	1	604755398df05c00d12c0cd2861799468a686b148ff19c1dbbdba686f469ed26
row	E-1	err_91	0	3	c2188a9d87f08c603f601fc4ab0cd3d89f946128bd04cd9c5b4ed9cdd6f314bd
summary	E-1	err_91	-	1	64da2f7308242e4ead9bc929fff3f92e3341b2d0a648154db3557e13110331a7
row	E-1	err_92	0	3	4cf603a939603805140342e7276979979876918ae928d1ca2c8c8d3b3bae5423
summary	E-1	err_92	-	1	deb8d0250906eb809f095de6831256c834f223da97ec9086a277801def00c7da
row	E-1	err_93	0	3	d072da3808c97a41ce20f7206f86124372ae9679ea9e02091285a1c2106b3dbc
summary	E-1	err_93	-	1	f6c955355911e7bc80133ebc4ac586ec0e9d8069f0b4894bef6372302e9c0be5
row	E-1	err_94	0	3	5efc410da113dc9cdb4311fda1bff6cfee5caeb11d5b4389d6fb4ec486284348
summary	E-1	err_94	-	1	946cb7ac506576ace99f7028431ed17bba1103a7dd1a59b5526c9b196e93364d
row	E-1	err_95	0	3	4bd2adf22f72b95fa1ae79371af7ec14ab2d6b7eb0301662b5c7f442ed249875
summary	E-1	err_95	-	1	0929f63efc89b3dd6f52c66fa4ae964fcb4b34f3f9f3e4bc2e1f82ed6524ecb2
row	E-1	err_96	0	3	c1bdaef14d53a97b8744d3a4e1fc8152fd426587479aebd077544ed036d59d8e
summary	E-1	err_96	-	1	35af96e6ff5623ecc676f58d8db64392ed27ab43ee3106a8e6e4735cb84fcf79
row	E-1	err_97	0	3	3ef1ad64e7dc3a2d23f6c0918d761a50fc1bf5eca03e26879a4178d00c13e9ef
summary	E-1	err_97	-	1	7e875fa463929a95350ea8b2381140e98c7799c8c3eecf8424e609a71a9e3a3b
row	E-1	err_98	0	3	a4a6ded54066a40903c7f714a23899a1e79a39460e9dac2dcbc85b80352a75c2
summary	E-1	err_98	-	1	29cfba1b6dd17b22eec60bf12e5ad2ac281924fd6e152e1ef9d162f4a62d6f59
row	E-1	err_99	0	3	f9e453a7b783929c8d2b56d66febbd9c29d5a62210ffad050564b90bca06e34d
summary	E-1	err_99	-	1	b52508d331ce299952cdaee27b3be90621a3368d31d70f7aa1bce4006bf55079
row	E-1	err_100	0	4	f675f38cc55a755e6f83873a33f0d01ea03f755014e78d1377053f01f8247e26
summary	E-1	err_100	-	1	fd1090374f371477f59637db9c132cc1c2bf9ca42d1739533406ec4b8349001e
row	E-1	err_101	0	4	fff3b387485e68f8924cce9257487b94441a399591d5dfdc0a86732773871f9b
summary	E-1	err_101	-	1	5492530ed678730b6f472153da32eeabf14221c1a944969ca8be5c845d382240
row	E-1	err_102	0	4	8963e3d1ee358503f6def37b0f15a8f6ed6ae49802d2712bd73ea918fff41a80
summary	E-1	err_102	-	1	73f16e7bcf8c7084a2533291cb0777f86edb2a201146b6f4e60adc03b5222f23
row	E-1	err_103	0	4	c2348224bf2a11bd87cb8227d5a2ec17c5d248a2fca634538bc89379d829d23e
summary	E-1	err_103	-	1	3f68373e7c44b863dafefe37eac30e9ad945315eb070f9a717952550dde45063
row	E-1	err_104	0	4	e510d23f43eb474a6436a328200d62d63ea410d3e78f09eb0afebd2993f75b42
summary	E-1	err_104	-	1	fce86e84763ba4e883ce7fecd17eaf3996ce6b23490c665a060ac76e0ae9e707
row	E-1	err_105	0	4	d1ca7ee55d1f2c417dcfccf7d5cebdf5369a6be88285964067a87ab8ab44d5ea
summary	E-1	err_105	-	1	4d850908fb303544f15a2f4e26756eb395fe42f593e96ace9924185121e9d982
row	E-1	err_106	0	4	64744391caa98a16452ee6ebcc38af56df623b46434b4910fff4d106de81109a
summary	E-1	err_106	-	1	eebd28514870e1481e31caf87fefef94544ea3c92394f3576f6894f86d69a041
row	E-1	err_107	0	4	434b56b2f14249bf0542bc5317ad81dbb2389c212fe2888c680f96be3842c43b
summary	E-1	err_107	-	1	7c446a8fe716eaa6e1ece2c273ad94b00b533563532ed43b043a2f29ce952cfb
row	E-1	err_108	0	4	b1165f0c953ede91468880b6d8dc45cf76e20060afa0668c881ea715f6d7c51d
summary	E-1	err_108	-	1	7d669913b9ca6fa12395d8dea245f983b8f937fe6fba4d0a42e8b38a419c7f09
row	E-1	err_109	0	4	97334b2d4eaf3779c8e25b13b56afe5fb01b40db08e10a3f9936411a7340d5ea
summary	E-1	err_109	-	1	004164bba7d9209d1c5b88e24760755bb82ec1ec2726d8d239579de5f966bb46
row	E-1	err_110	0	4	3398cd9987cd01655f0daa746e772f80f5416a5fb9fdf58c05468a1015ba646d
summary	E-1	err_110	-	1	25d71c8c68cd4c1d174bf40ba395970badbb46c78d3918d69150ce7c383534d8
row	E-1	err_111	0	4	c0beacaf992dfe5bd2d3affe774f1d68d6e7dad4fdb4ecc27a995d76d0045a30
summary	E-1	err_111	-	1	2664de0d1f89218fadb9e5f7f5ea56ea9c13d8d31fba48f2fc4c91b10d525907
row	E-1	err_112	0	4	149c9477f43ccc99c45b1fe62fece8cd5cab67a75f3d1b7514a938ae247b45ad
summary	E-1	err_112	-	1	1f7c62a06a671cda0fcb3aa154c702fcb30c8731a426eef77f2f3ed42368fc05
row	E-1	err_113	0	4	6a85b471ae1159f10756866ed2d4086cc745578efd8ee6530e796becbbfeeda3
summary	E-1	err_113	-	1	96e3c6fe5e91ab647cb0bfab2f554a5af5d7a6237e4a9026fba4d294ae91ce99
row	E-1	err_114	0	4	42c0119d45d4a5727eb96466e805ac4d1220eecee756ebb9bfcae2b1efc85613
summary	E-1	err_114	-	1	bf5fc71e782b0c3bf44053dbde354780c9cecf3d825fa8aca2a0331e93cf4659
row	E-1	err_115	0	4	59141b8ec3b1346bca1102d54b2d49a53c3b9dc56ec2086d30eae409eaaa3356
summary	E-1	err_115	-	1	5db6aa97bc56a48cb7d4cdd16efd145784ab9fc09dcb2e53b6f5e47692d2b771
row	E-1	err_116	0	4	2bc69ad899b6b2b35d825ad0a943e8ad3a2e5f4a5d58b7a961ea627e9a173076
summary	E-1	err_116	-	1	1fe5ac545407ab68fc8fbbf407e4ff36457546fc50d49d7993ecd13d41511866
row	E-1	err_117	0	4	f39515c92b1c7fc6325bc53bc5b96b3a1d2715d8d88d6d55e1dfbf261f067d80
summary	E-1	err_117	-	1	8d24aed1593ce9327c897c210e3d5ec31f1052e31556b90a963b31baf8757c85
row	E-1	err_118	0	4	d7fa7e8b5d9cfe9258a42d6d24aa10f2f0ac3d19679c84a5718de1ab80f81b33
summary	E-1	err_118	-	1	cf004fdaeaa6647208f16ae96d2c988d341bfc7101f8e4af738689e9199e1d70
row	E-1	err_119	0	4	7e2e004593a0311c9ebe596bf239937eadd089229183994abc72ef3fae3b57f4
summary	E-1	err_119	-	1	c7fa1ed15eac0093b607ae936e52be8ff4d7513754cf7f8651d8284e61c07f6c
row	E-1	err_120	0	4	58b002024389d5af5e11e6dc750ca0f902b5fe92dd5377fbf977f12f70eeb191
summary	E-1	err_120	-	1	98517bb3cdeb99c026f1aea823caba5117082f8ad8c02deb4299f02a692bdfb7
row	E-1	err_121	0	4	fe92a6b874abe7d8e3376c4e6c740557d9a22f7a2b045a9494cf6c5d0a8cadd2
summary	E-1	err_121	-	1	eaad50cd1203505a6d7832147bf5790cb35dd4939488040164cc7daa5f890036
row	E-1	err_122	0	4	6417af41c19196a095fee4e5e738217017c59b3e30b4f8764522c5652c322ddb
summary	E-1	err_122	-	1	3963f7b059da2963fc080ba9a548fc31ae29ffb023e062a48a530a209b8a6380
row	E-1	err_123	0	4	3a4f331733f3c18c27e6f2555e37e558233a6d8edfcc2c1c6d7497633ff96604
summary	E-1	err_123	-	1	ba015bd4eb74350de9c4f75be5f291a6c8d20fbb1bdf61241fa94cf4f2554681
row	E-1	err_124	0	4	9f0c5140cf8f989eb413c97ac0d9fbb7dd969b0f3c98c3f8a9fccb6709d7b2f7
summary	E-1	err_124	-	1	483ab71a9e65df2663e86a876367670a79e615f226246bb2e91d183c5dccee84
row	E-1	err_125	0	4	da507b188b6a945d97ab0899eb649728e1b121857f2d9a0eb7ee06945c179321
summary	E-1	err_125	-	1	35ccf9c785d85146e906148026c2638eecb2efa061aadd0fb0f87ef89d314160
row	E-1	err_126	0	4	52221d8df43a0587b1f7bfc9929edf53ec2aa4766c6d3aac904f158dafd9bbd9
summary	E-1	err_126	-	1	9aaf22928e7c381a99fcf08d157ea52f56eb8ade90c6b425e18331cbe3d9a60c
row	E-1	err_127	0	4	08c0c9bc98af3ef74b0cd922f01deb4f37475e5266f435bf489c3f808bfdf507
summary	E-1	err_127	-	1	39a7b28457d7e541635253463c7518bbc09b15460e679e5a885e2d3c33f1ad59
row	E-1	err_128	0	4	9ebb571975b82d0d629171f5f3ac377f88a1da486cdd697ecdcb7becb20ece59
summary	E-1	err_128	-	1	99d073fb1e7ce9f32b7024fac34f9d202f9112b5c698986fd597b96620cef19f
row	E-1	err_129	0	4	ccec5806368877271d69180af43db3cbc9dced11e588257d3e20cc3fe743f7d2
summary	E-1	err_129	-	1	b540f632a4e1e4000216d19f38840095e6876a45fd48b9c1216567e3c12e774d
row	E-1	err_130	0	4	f55c041fc0f02b9c0c1d9df493dfc01be1e7d8c2d3e7b33c8cac8b13d1225193
summary	E-1	err_130	-	1	6d5dbab08f3c307ba0f69c6baf60e530614dae303ddba27d03a842dbf32e5030
row	E-1	err_131	0	4	c57f7dcc072d432c0ff4a34c56f5e2e46c1ccd48eb7721317115bcb3c3017e75
summary	E-1	err_131	-	1	85995b0fc0085fb85b773d4a5d05c38fac580d059ab0d26cb7262ab1c0c913d0
row	E-1	err_132	0	4	4278e49bacbb4f4512daa2e56f121a87328794d2e171145a84ef722e7c3718ed
summary	E-1	err_132	-	1	067a9d693c3048eaa245307d93ad34cd6371c65bd46071c19d81b4948a68650c
row	E-1	err_133	0	4	f5599e6b4003f8c5c932bedded602457cf62d7b22a86140554a52b892e68d7b7
summary	E-1	err_133	-	1	d2c9a396b5efd65928bf85a77315bf6b780047c1d27bdf2e27ac5f0e02f85350
row	E-1	err_134	0	4	8e8d44428b5638a08e6b3c322877f23042064d1fc424b47469a0c412da72342f
summary	E-1	err_134	-	1	aff12cf6da3986893022571d0da9f149f72d8dac99b4bddb88141adad358d8da
row	E-1	err_135	0	4	749c86e9376106db5f641f5b273b14ca8d8fb23d7c84d40895da0c218063260e
summary	E-1	err_135	-	1	23f861ef9b788370c29b2c10afc14a8f0af987cbf19784811a4480e5a1f68ace
row	E-1	err_136	0	4	acc21e5398150d649b8b1c2612b564f431d8c2ebe75f07d1aa48b55b7ae83615
summary	E-1	err_136	-	1	eb9b841479286ce3967995140e93a01f5e6553f9929717dd7597f6652b4859f1
row	E-1	err_137	0	4	7aa2b5805582406751173d74619f40b7548c3b692e26abdad015da1b520faabd
summary	E-1	err_137	-	1	7d3fa413b43fbb26ed4d4e7402bcd6bdd2a39fd5125f4285ca6ac3f9b2bd4d1c
row	E-1	err_138	0	4	431b60e7380a8da8dd71d04d20d66fc13ab3072802beee527cc1ca2462980782
summary	E-1	err_138	-	1	9caf4e379c6162ff9ae5e90df186cfd3e9afae30b02cb3abadaf16c2ef216e4d
row	E-1	err_139	0	4	28633fad5f488d8de3254c616c8444699382f7e26157ac14b0506a4cd861712d
summary	E-1	err_139	-	1	f6bb84f46d7be808272f96f07684d91177d77e345be48670862e43b8ce4c1a3d
row	E-1	err_140	0	4	eb660e33e67f0763d1a93da43f671f94a76e8442073bab4f5db37a275eb09771
summary	E-1	err_140	-	1	539789cee01d032b2d4b9962e7c7941f7be4a7662b3827278a46cde03d2fce40
row	E-1	err_141	0	4	a284fd70b3090124a72cd3e04f3c276782130683623d946524b2f482206672b7
summary	E-1	err_141	-	1	1a1f19dc86d2d2355c57169365c7716b3b13837f16e737f02b976b1f34a6a713
row	E-1	err_142	0	4	bf554a2cf86e39f1877a0d8a4ac5e96b16339145234cf76d22dec0ded6765af8
summary	E-1	err_142	-	1	92623a493ac157c98038cfd3a4e8bc4a311bbb83c69fcbc90bcc5637b8987236
row	E-1	err_143	0	4	7abd5e6279d696505ca773d6c6e7b5d3f85c3412e26b24720a283794677f1198
summary	E-1	err_143	-	1	5c213e33f7eff0d138abb86bc6da49db7f20505c5c61276fc4a1c5c0503d2037
row	E-1	err_144	0	4	fdf32feefaa4d0116a91579acfbf4d92495d76b014923c61d20732ab6eb6b456
summary	E-1	err_144	-	1	a464e666c7690c09585172b0c88425b4c32f01ab75a0e2ae45e3d7727d38a63b
row	E-1	err_145	0	4	7d3c5108c2ef24b1d8e08177f04880f5289099ffef56a817db88b27d9125c85e
summary	E-1	err_145	-	1	33b1e5250a8d1be9fec23d939377a9ca4900fc154e855275cb132a53ec8a71f8
row	E-1	err_146	0	4	c4a89dff70b32f19f4f5bf9e8ed7dfb4faca3e571e7fa5e60b49cdc4380d4324
summary	E-1	err_146	-	1	dba80ba55609e606819203c8a168dbef827c7cd90fea3c59f9f674eceac51d9c
row	E-1	err_147	0	4	1490c1d58e40fde8a60168efe2cd78bc276b5b5d79fb544ce9000a19a7f8b7f3
summary	E-1	err_147	-	1	1a89fd14961952c0647e370300d845924e691b744dcc8766d6d0cd5469f60f70
row	E-1	err_148	0	4	266b53eec4107ee90f18dc4b3fb656949e1318598ac9fb79ba5ec49cbd460f01
summary	E-1	err_148	-	1	f3a7d69103659f5ea2a19d6ab4fdd3e9e9b27e970a00917fa72962a03d8893f9
row	E-1	err_149	0	4	c1af9990088dfdea870823af046bacd7dcf4ec2141de8153a92b02d7336065fa
summary	E-1	err_149	-	1	0eb1486e8305b85945df94a0a21ff08f5a6395f0b078df949c2efe39b3e47375
row	E-1	err_150	0	4	05d2888353153e5f1b21e8b0d495a7f09471c9af48ef185e365d3222aa5c6aea
summary	E-1	err_150	-	1	741f6e58e9f56ead1bfd23f188e0047a1fd78c4645c0d07e3cbe97f0382f87ca
row	E-1	err_151	0	4	5d4206e535170d045909e631cadd4aa9c8856fc1fe054768d9e81b5343dd2eb3
summary	E-1	err_151	-	1	c19bff9212333bf6011b218c300ae0243b491e78effe9e89e75f89c5f5b7e358
row	E-1	err_152	0	4	468f731c63074e1b0e177367d0b4bab1c2ef0dd7ff918054485e998db55f9e4d
summary	E-1	err_152	-	1	08231062a1c932d0f94aa584644e3c302025c88e2d711b8c93b96c96c444f359
row	E-1	err_153	0	4	9aefa1b72b15320d17ed6e8807be9477c3878270516a7b3436b4d63cb6f2e5b1
summary	E-1	err_153	-	1	9daa67027583527458849a95bc8e91946cf12e3be3bf4a78775ea9ebc04bf434
row	E-1	err_154	0	4	59d68db858a86cba98e8d7a9b8b98b629583ed084bf3df65513fabbb2826b294
summary	E-1	err_154	-	1	1e57cf84d024f834f5d664d3f5972995e11767d0a2f79c779c129b3e6568c4b5
row	E-1	err_155	0	4	641a425038a485f210ad3eb9984f795fc73bad0bc27a86c1bc5f984bc31598df
summary	E-1	err_155	-	1	174ca33de8a76871932329d7f1314b7e04cd0410d089a7a9a2217bbf623c4dc5
row	E-1	err_156	0	4	7be9e1b046b6f30d643ea203b43d9c610560c99a110e048312c7091a88010c92
summary	E-1	err_156	-	1	4a3bb6052bc04319325e948c4489da75d969b496c301b6c1a9a875f9ca8d6c20
row	E-1	err_157	0	4	b6465e7cdc23551453a5cf9e368fd6423575b8c10055ce8c9ee56ca7fa09a11d
summary	E-1	err_157	-	1	4f3acb8f7d4b824e8c47910102e8125208d15bdf01a16389d741a99854d18e90
row	E-1	err_158	0	4	0ddc0a090804ec9c43f3f9fc655480b983a376eaba927fa197b57562b4c5e77d
summary	E-1	err_158	-	1	7a7ececd8d67260c68acdc0a58f85f1c316ad25881acbff99fcb5535073f1e3d
row	E-1	err_159	0	4	a92aa7795d5b0ebebef0812cfd66ba506393eca43a5ad2aa8564fe4a5adc5153
summary	E-1	err_159	-	1	de9305ffa044e0081e5eaad19987e4650c7e13b2cf0a496ec9766c7ffc17b778
row	E-1	err_160	0	4	765c06b11d04f7e3b477f5c0da636a49a735dff4c2e60c2c238be8b86700fee1
summary	E-1	err_160	-	1	04a14dd89e20bd947e72c5eb64aff01bb487e4f6680c0ed0eb1a54413d21b6c1
row	E-1	err_161	0	4	fad6d11f083287f716d200c86bb760d13929b0791918ad4c33677414bdf05a2f
summary	E-1	err_161	-	1	14ec2c859e1ff53f9e039fbeb4fcf63779afca35da2fbada21e2542580223d5a
row	E-1	err_162	0	4	7bff948ccae0e85092bd01c0b4ac668fcd0e2bfdac320a9693ba70bdb421168e
summary	E-1	err_162	-	1	756bd14fca6780e712a1d532d5cb439df9382f9ecddf7bd98cb1db12c1d419c5
row	E-1	err_163	0	4	9de94b435c78e5161a2e1da167f2c39325bcd42c15a3fc178be96fd838753451
summary	E-1	err_163	-	1	21b221224668021f04d303ee691a1bff29bbfa1994b89fd8a538ac8697225694
row	E-1	err_164	0	4	736fe74a26e295784279950de6d41df567ea84b6ef048f19e64a42f7e9ed6fbd
summary	E-1	err_164	-	1	33c2f29dff50de616cbe1fc15e06e3518cff63888c0678411045585d519c6aef
row	E-1	err_165	0	4	de540516f1f696668c31a48d4dfa8d3795940125b78fb70956d3150956490624
summary	E-1	err_165	-	1	56346a4e35da998dedb8e8109b6a1795114014db7028d1ff9aa104a86760081e
row	E-1	err_166	0	4	e874ac099ea64fb04342a809076eba9854d05c339fef2a86333a97394b15f0f7
summary	E-1	err_166	-	1	3ada1239805cb0b7a89a447198098518dff354bc48e291c82900b26c4ca2965b
row	E-1	err_167	0	4	6392ed173aa803a4e46d071471d1dd334ea79373755feb0e348418866a251fd8
summary	E-1	err_167	-	1	235f847e2d0372e06e3dff432bcc20f0d445cc4579527ac0f9b91ee694204d97
row	E-1	err_168	0	4	bb2c841f719a0e8596802b2bfcd4f439e7a0530a0513b389a0566ab795a91c16
summary	E-1	err_168	-	1	42f1c48b3d0730f2f180e2c7be3cf964554e3d1d30e04515d9c8941c625cfc1b
row	E-1	err_169	0	4	c88e5d82abea5bdd4248a1ed66b9dcb411ff91643b3c73d1916af23014e7d064
summary	E-1	err_169	-	1	18a2e6128f23ff7f4b704c72e45c559324f02822076bc6fb946a15ff09aee61b
row	E-1	err_170	0	4	80514f5b9d06a5f348e0da7ec85cfb5b25577982419a1b0bbf1c9d74c69cc1a6
summary	E-1	err_170	-	1	1b274606a35946c0a02e52d6f0abc7bb6e6d2314a5f23993a0dbc646670c8448
row	E-1	err_171	0	4	018cee03dd5b80b92f53831d099fcaf4924f2aabbedaa53558fede1b18326f17
summary	E-1	err_171	-	1	152ceea53db2950c141ea32f32199391bb1aa5d80dfade342b95fcb438b04b6e
row	E-1	err_172	0	4	c137c13032853e32f95ada18031c1fd62e8b242bf016328ab35bba9d637b5184
summary	E-1	err_172	-	1	83f2ff6302fd5b909409ff6a3ce08e47542d109af4a266ede5db558b9a0ea76a
row	E-1	err_173	0	4	f5775e6415f35a5983cd6cfd5fb0f022eb6fc012199f3c96b8be5bc0472b5bb5
summary	E-1	err_173	-	1	7dca600b0dfd1f8ec34269a708f1d621641980a43cccf5f99fca709110e056e3
row	E-1	err_174	0	4	50071d05d7885cfc9ea0f7fb318ca6a7ca4a37910e2a5b7fb34611c332a4dbb4
summary	E-1	err_174	-	1	ea0f9e029aa3a2b32e9cacaba5ff353505b8c1d87c9c5e92092af414472b550e
row	E-1	err_175	0	4	913c8239adcc0985a08a1cd6d733690bac31f2ee643e7856ef48b61bceb38cb0
summary	E-1	err_175	-	1	26a56a571e62d3f9cf41741b755972608b2a17a9ed47ce0344394e374b8801fd
row	E-1	err_176	0	4	9030e6b883117b99af63754cd8af35af36b2b1bdbab5214e1b1cc15d2cf7147e
summary	E-1	err_176	-	1	523318a3dfa28c1a3b48eca4852433792451129d0187e0b708934e59705802a4
row	E-1	err_177	0	4	ff1a4d4d2e956f7e99b2de48becff82ff84a8c2338e92e8d9610df801b48c138
summary	E-1	err_177	-	1	44fc6c4175fa0ecf6b2c337c04cf457103737bf95e0202f79ffbff8277704ae1
row	E-1	err_178	0	4	571b28344e308947c0b48b0e1a233e0812b2d6de7c249e2baf083357ffd29dcf
summary	E-1	err_178	-	1	cd4f7266294b9918f997aa30ba8b4544256a775772da991eeb416ac8e28eb0f3
row	E-1	err_179	0	4	5cf8fa14ffdf282ea7b031277941280423c44d2b098bbc25074045290e346f70
summary	E-1	err_179	-	1	3914af81087ab35f0d8ac12fcebd0d51fd611cc0d2585e828ff5e2c0223a12f5
row	E-1	err_180	0	4	047383288d50ff9cad57808c9e3d68a37fed5eb7ad0043fd5fd7ec5271f0798e
summary	E-1	err_180	-	1	c9ab6b8c3e7275f0181bede4f2a98dea137d9e8a14c5fc8f5f694d67964cb907
row	E-1	err_181	0	4	f7d0acc6887b89b8c9c54b34ceb2f63fbcd778b36337aabd676f38a1dee28953
summary	E-1	err_181	-	1	d4770802890a009cbbe90d572e5cdce01565f3fd4aa9e0dbc06f385bace298af
row	E-1	err_182	0	4	eb898c1a5f053df8b1406616fd93501bfc126579e57c83ef590b14e9ec52ca60
summary	E-1	err_182	-	1	460b2beab6a12ce5b3018889bf62da2d90d1db2f20dd8c45608e75176470deb7
row	E-1	err_183	0	4	3f6559fe6bc33eae2d0256bbfdfe58652280371cdfbd9811376b8774214a7a16
summary	E-1	err_183	-	1	05a1bbf0d4138907aff9c7c9e2516f8fe6d352cf2b1f17e1b6b7e1e66d0aaa5c
row	E-1	err_184	0	4	364842eee62d51d5e02b1a7f62265f23c41433b2d409a2e5617030bf7c395cf1
summary	E-1	err_184	-	1	7e1cd03430cda47e92e3b6344801ebf6aa8b47b8142b9154f85d1d2f5ef2c9fc
row	E-1	err_185	0	4	0cd3a9fd7bbfe3e837a088ef95827abfbc37338c031d2f28d974f9abaf85e929
summary	E-1	err_185	-	1	04b94404a2050d936afa85e747a43f4351813b10bef5412c8eba45a475336f1d
row	E-1	err_186	0	4	af2bb729015420f5c2fd218ca33ddfd67fe111cba697878a207cc81129243b57
summary	E-1	err_186	-	1	754e5497720d0be1b0f7689ab5987c40b311a59e233b4ed913b9735f8cb1356f
row	E-1	err_187	0	4	ffa3f3c611a22c295092d3bd28bf8ba54679e317bebbc51546a70c9ec52f9939
summary	E-1	err_187	-	1	7dfc3df269f61ebfba20d8b0771eb51c8b0b388336f893fa63beb3a0aa498c30
row	E-1	err_188	0	4	179bf42f5a9517700f53823333806295e0e26993ec2122796d9e9a220ac66e55
summary	E-1	err_188	-	1	2352d55e1b6582849db7f2288124a6be37941ceffd73f3b9bba7aef42abc0bb3
row	E-1	err_189	0	4	f983a6c17e6b797afc17b36902207d3d2b510ea48a9e09f99491e73e6a254990
summary	E-1	err_189	-	1	e368aa6db78e8ebcdbdc5f83af1476ba2c156510a9507bee69cf1f9b7fa56570
row	E-1	err_190	0	4	02684047e33de7343db6f2cd7a9a945107f9ffacf4e907b00cf73596225264c8
summary	E-1	err_190	-	1	d90afadfe843677140128b4acd5a1996b4fdca3302412f3cec23a78d0bb2fb75
row	E-1	err_191	0	4	876e7e026f7a682deb2c4433f0dea2f11859b28d477ea3b46dcd5e03e1aeb04e
summary	E-1	err_191	-	1	c7c21d151ae38909ca703428ae0f810b9b32fbaff144d20f418af21d2bc179c2
row	E-1	err_192	0	4	949030c9b197ceae741da3ee56969e56defe69637b0557ebece569f40e8fe742
summary	E-1	err_192	-	1	0fe8a65098aae897cfc4eb54fc65e20e48a4a3bb656875528f16ac0cf827592d
row	E-1	err_193	0	4	1de789c3913dcfef48479c696bef68155e692e11489b3605f0ee96a18316b5a5
summary	E-1	err_193	-	1	aaf1a63d678c71cf17b88d3dc33d9ac83961c677be7e122629d5a50c09c47fac
row	E-1	err_194	0	4	102d92cb98393462a3002b329777b9a3101753d5ee93917473fb2b8c75f706d4
summary	E-1	err_194	-	1	d2308ff3f0bcda5a50d78de93d722de5e0d5c74e2f8ac603e4462f47a51965f8
row	E-1	err_195	0	4	8f073a66ce883d325a42d6ae12dd309865f9a56c07ea5053ee660ea3c86c4262
summary	E-1	err_195	-	1	70e8fc66a194e014a5ce27237efda83acb6da6e00766e8f6d052835e29dafc68
row	E-1	err_196	0	4	0015395a87e6e09cd6e40442d77b028b6b9b2f6e9cfcb406202d728d9ed4f997
summary	E-1	err_196	-	1	f00c87c50137556c6c2405ecc63175e9d0887a266fc994e863331322f4eae133
row	E-1	err_197	0	4	6fbc9a2a6a7006a171907fd9e3a08b5fe4dccd046c93a8ff750f5187b5017838
summary	E-1	err_197	-	1	aea6bf0f4f84a606759ffb48d70f65bdde2a466cb79e3c563da5aee09eb5d917
row	E-1	err_198	0	4	b1de7f8eb0fc2f40fa614ec82f8d488a184f7746f58e3ff5855206e8462842b4
summary	E-1	err_198	-	1	5b11a5a1d5b2bef1d4e76388463c2f2db4c0edde7724e1cd6b205a7e1760afb4
row	E-1	err_199	0	4	8702b23d129ff31486b3eedb18747e09cb9be6a2c6ae6ab4e593c5201ea167c1
summary	E-1	err_199	-	1	07a8841f55f5bd6582e49b0b97b5a1be064d415d92f9d97cf8e5b0f2a59ac769
row	E-1	err_200	0	4	af7f9e2bc585b171505d50eeed75004711684c822461c2b9b6b724f1aab9b14f
summary	E-1	err_200	-	1	d97979aacfdb93c7328205bce0d91abb642073c4446c56a610c6152e9ffbe344
row	E-1	err_201	0	4	4f5b940a475ddaf0174a88f76b211f439d946b1adc9d5d5b4d36a0891173e6a9
summary	E-1	err_201	-	1	2b67f2b71f7f26c709a5c32fac52af912243d43d715a21ba768113d3628d77da
row	E-1	err_202	0	4	50fcf4a630dc3cc323b31956e959d06e8cf41cc698e16c395c3a7d30f63358dc
summary	E-1	err_202	-	1	731b6fd0928fe25803c4d77bc28eb8ac3f73140e647d00a8727bbdb20360964a
row	E-1	err_203	0	4	d781e17ac7f6194d9b2e79ea3bc10f406068212cde7cdb3301da77a9b1885177
summary	E-1	err_203	-	1	187b8954aca4c44268d614af37f511d34c963be284975cbe0f6990c7e3917020
row	E-1	err_204	0	4	e8754d82557856faa9c6965de9c6d7162dee05afe1eb1e185c3a7d71657f812e
summary	E-1	err_204	-	1	8bf8df1f411a988ac5c5c84bef5906961141b0c7fde0ae435f9df31048042dd3
row	E-1	err_205	0	4	a9d0c680162ffa3c8fba2ff29619476ef2474fbaefd7ca2bad7c75c4858c80cb
summary	E-1	err_205	-	1	478583e3d4319f557b46898ebc8c4379a0cc2fe3dbcd684259827e593f86ff27
row	E-1	err_206	0	4	22c2c3eabbdecc90e91c7bc39275e3d614dab3ed791df92075026172fe72e585
summary	E-1	err_206	-	1	99a7b060a54dff10ee03fe2efaa9b75abf8024e763ac24159219bb9aa995bcc1
row	E-1	err_207	0	4	ca2729254a68aa1db4dd5387e0802e11c2417789541b4eeda2dd3d5858e10fdb
summary	E-1	err_207	-	1	7bbfb0bdea985e18c48f70a52bb6e40751a530daaf9dfb1439faad162b28cd77
row	E-1	err_208	0	4	efd6e35d215d1335f5efee11f389e5d7f8cc2bc217cb1195d854c37da1532f9f
summary	E-1	err_208	-	1	0811f6f0c8d53d85b50abce22635a3def450848fe0d5861d94df299e0536935f
row	E-1	err_209	0	4	2f60968e7f8fee4991bd4aa30aba319ce02a82c229f982af7e03c58221903eff
summary	E-1	err_209	-	1	d6c95a421aa3751676b107e61123686bacf911086cd167c0787e6cf47be8f053
row	E-1	err_210	0	4	a7ce9cd9bd27acb21b58334bcb53db9d60786652fedcfb3e45b5dec3ba389cfe
summary	E-1	err_210	-	1	fa3b8a43ad8d2d5c585f8f8351859c8c293e4e9c97ec1010bfe9c1452ac84111
row	E-1	err_211	0	4	c0c85fba85ff1eceb002ab3c1dfd68e933a14913cb43f466a183cd733b4da89e
summary	E-1	err_211	-	1	bcb9349b30b148c061c48f1b137a1a9bb2076dd49d9e5f0208414dbcb1234fc7
row	E-1	err_212	0	4	8b9a531e6c149d0bf63e65599cefe8bdb736b32b0d31146b5f8ecbe7e0fa54a6
summary	E-1	err_212	-	1	87ac0f03ffefe667e82b09feb50537e61fc4fefa7e74c5e97f4d6c56a9a79f36
row	E-1	err_213	0	4	c89b5d59dde840061132c2de9bc1acdbbae0707fcb1432b7cdb9557ad0381803
summary	E-1	err_213	-	1	d54a3c6c2d81180a83621baa341a499dd082249dedb18d3cefe5b5a2bd97f039
row	E-1	err_214	0	4	79ccf3fdc196e90e2104ab9fc8c23c61c0b456344f46599db7e3edba22a30bee
summary	E-1	err_214	-	1	535d5b45929397db05750f570030d39787f5a7d38ffa3ed7f5aae0c65a58f4ee
row	E-1	err_215	0	4	9ac8302652f77f598352980bbb1f0ca15079f495477f08d8dc35eb0a55e00a22
summary	E-1	err_215	-	1	82979446afac517344f190611dfda8dd1fac706ed4fa19b8857eb9283c1a26d5
row	E-1	err_216	0	4	9eb3694e771c9dfe2f6a3ba84fae18840d5b5629837a79e847fc1175a11e8c44
summary	E-1	err_216	-	1	0a4ac1f7b87a57f2564d58dc705e59336c033e27c42c8d16a1edd78e0739f074
row	E-1	err_217	0	4	10e2093a96f10b7c40dbb2e5f6e2b85166e29a603078fc3e2d4a63e1578d22ad
summary	E-1	err_217	-	1	021f1736f5db8cd2b27268c8a55ec4ee5c0ccaffa1568e61cedb3fb6975c2391
row	E-1	err_218	0	4	81913e3b35e935bfa20a0b6c4c5a90020ebdf281476aef91de82a904e601a8e4
summary	E-1	err_218	-	1	b4868b111fb5f5e2d9caab1d35fd9209105e3e107ad1559a2b8ac49f36f64461
row	E-1	err_219	0	4	ce4f0c9a5c4a134bcc5a08ed8cb9b37a6ba7222129dc81910d46c2f3863c362f
summary	E-1	err_219	-	1	706dd8c9b440627b991a8703809dee7959837f4dd072709562f2c9b7f3d3a499
row	E-1	err_220	0	4	14e980a8349e7f7e7a6fb07134751e257f40c19b00640e25e2d48740207da7af
summary	E-1	err_220	-	1	faeb7b27ad5553b5ca1ca2286ff1fb352284d15441067df8de9bc850c61a0483
row	E-1	err_221	0	4	a462f0307a4a9932962fcffcadb7908efb5c55314778db9d6503eedaa3bd848e
summary	E-1	err_221	-	1	17a20e9a50b4b78f04ad6777a12418f8bacd36ccc9598278a9282c4d583037f0
row	E-1	err_222	0	4	54d64d6636a87188ac9e26a2f6c4eab3c591b635a0c6d2da3b43cb790151bb0f
summary	E-1	err_222	-	1	9ee6c54b2d83219414418c4f9b1b07caa2a968ef1a013297510c13602d54741f
row	E-1	err_223	0	4	e403a774b5cfaa11028af762567761cda2d3e75e5db8488375b9f2b159f53990
summary	E-1	err_223	-	1	3a994126cc46e7cf12d6bad7e94b119823cea6675141fb2ef5e1296ecaa7a30e
row	E-1	err_224	0	4	89fddd31fda5a29fc8c2219f79739b19a8c4a3a95b9a9e15a51f7bdf109bf4ba
summary	E-1	err_224	-	1	e0f2dabd29bcfb1606fcfa05642d4cc731d2019045f0abc9b7cacd8c24fc6425
row	E-1	err_225	0	4	d9f4cf58a9f7e57953e6f46117b9846ed4e0469c4ade7df3b9c24135dd353a4d
summary	E-1	err_225	-	1	416fcdac298c8dd0f0054c634a21ecc175ee2c2addd6c4bd005de413ed13f781
row	E-1	err_226	0	4	4e22a27e7bf6c3b500226ac6551d315cb5e1c35a3eb5de79fe2653572192a85e
summary	E-1	err_226	-	1	babd38ab251ceb88cc21e7d8e645d9820c2b357cb07f5ade620f7c4cbc75487e
row	E-1	err_227	0	4	aee885dc8f4c890d3eba1b9149cd2ec7159e5c3aff531de3bf17c4ed9031d0c6
summary	E-1	err_227	-	1	d2da6cd8c9005615e85614c0f9633eb1d9b3a3a2db984adb5ca9476809afcb7b
row	E-1	err_228	0	4	3d0688a8bdb4d95c110567de3b51365d36b3f0d9dd95b7637639eb16f60f9646
summary	E-1	err_228	-	1	833d97c9d8701f8670c65ad88313f3ec70271a31b1c0cf5cceb9208c1f29471e
row	E-1	err_229	0	4	87d2e3ab03ffae66a14da55bb771209205b1ddc9806b115942f8e9310ae864b7
summary	E-1	err_229	-	1	7015e5d20fe40468dcab4be55608fb68ed38dc870b502f4919162a2a5104b35a
row	E-1	err_230	0	4	275ad28f554effd00bae1e329d81c93f7760669e3e5410736b8eac36623061ce
summary	E-1	err_230	-	1	a418d8a89ff03776c4e86f67e31f0be61983e72fdc5ca62dbe6f4b2d49160652
row	E-1	err_231	0	4	b4994a2058e733f0941cf0d261459c92e335ca3a8fe928674193c33197423cc9
summary	E-1	err_231	-	1	3325e78228673153548654fc6f2db3e67b27d65db71af5a7800cb4779f7927f4
row	E-1	err_232	0	4	bd4f6ab61ec428a52a85975196b9434d5ee3501bb7259b879da1dea4ad8d2fc1
summary	E-1	err_232	-	1	30fc5d56ad85bb741178c8e6948b2ca504bed6d3b0e943ba48e7838f84018825
row	E-1	err_233	0	4	27619e1723aa103b43523735b7e29ff0d66a1418ffbe3e5e6a58e12e9f852e56
summary	E-1	err_233	-	1	06e8211dd5eed76587c3950848c04e2d830c3113e1d249da530c07fabfa562fa
row	E-1	err_234	0	4	b26ead17aba67da078163a8512fcf2a97349eaed397e85c5abb495f2f7c1204d
summary	E-1	err_234	-	1	a2aa1b0d04cbb91d66460ee376ac7ebd805ab632135de5f82fa5ca10163685ee
row	E-1	err_235	0	4	7925120958028154fb6af745f57abd4fa779a97391bacf7679c55788b52eb2c4
summary	E-1	err_235	-	1	55df946b65dcd21aefb77968153555d462bbda85ed3ee2b5e58147bafdb38200
row	E-1	err_236	0	4	44013a81a74959cee018795eb370323af122c54e517515b16b7f43929b69f368
summary	E-1	err_236	-	1	aac52c3603e1018c9f68c9c387f9018d8fb33ec96fccf034041e224aa6b99ae3
row	E-1	err_237	0	4	d99d2729846172e26edc9d32ebcf2d9ae0f8f46c857b7e68035bf713abb03254
summary	E-1	err_237	-	1	fd805d9aeca63e78010a257ef6324bbe8f66baba0963150bea70259817b08fd2
row	E-1	err_238	0	4	a58a869fbf9a1e9c466340b08f812b52b4ee65f69b7b818364b3f450aaef5e4b
summary	E-1	err_238	-	1	0aaf32548ac51be57c9593cff8f6cec82d15c7cec97c9f04c68ce8d9a3eb74b6
row	E-1	err_239	0	4	1a895422ea012ad834e35df345fd3c0fe6781fd38d868573634df812a6ecd1d6
summary	E-1	err_239	-	1	51e6b262af13f6f482bec1fec586bf155d3c69002c04ccf8099fa40e1b8ba835
row	E-1	err_240	0	4	ad25e210b569c29f00baef681a2b2c01bb70109a9db728c5e8117af752c48e3d
summary	E-1	err_240	-	1	31267c7f46e8c507a07c89bf0bcac8edda731131a892f6d939c63fab3925ac16
row	E-1	err_241	0	4	41d86f9179e9042e5e7103c75a23dd9a3d75ec7e42362247694b06c508e7494f
summary	E-1	err_241	-	1	4ff17b828be690854eead5bd6037ddbcb76a79fabaff935097b11e4497d566f7
row	E-1	err_242	0	4	549947c9379a749735eb96283370d5efa237f3e3a2c218cd852ec8e00b8155c6
summary	E-1	err_242	-	1	f8d7f93c6a1e8e34311e386374f95734a82ecbd2cc46a4c961e2d4687fe2e83f
row	E-1	err_243	0	4	98f851cc9d7ba8704035d85edf3569cb159f64acfca586f1b6a0bf3588ff2048
summary	E-1	err_243	-	1	7bccf17e0f1ba095b63e95999f9d7b40937e8d4ac0f110384cc0fee820e38bad
row	E-1	err_244	0	4	6f89bc5441285dc384ceb042322b9b2db47ac8e10aea4ba695807fa452ef3697
summary	E-1	err_244	-	1	28ee9a5fe60b6fa6864a03a1cbf7298fa68d0cef5806112d67df189f06ce68a1
row	E-1	err_245	0	4	3070532c4318f832354ab7252170eeffc8ceb19baf8588ddf48c21ff8805e164
summary	E-1	err_245	-	1	5915113af58ffa799c87bdb247d9ffb57045b6700c031c17331153be2ce3ec34
row	E-1	err_246	0	4	6738689cfe009812a6a488526d990a95d5e4d6850fa6599c2573fc5da22709fd
summary	E-1	err_246	-	1	258034418ebf593e5c82af8b26dff28575408588df347b088a9139681e2472d9
row	E-1	err_247	0	4	042a3d40ed6946d8c109afab63b5fb9584f3db01b2e67a6cba09632395518129
summary	E-1	err_247	-	1	aafa0414119f9467b50defb89c95d9e2c56259fe2c88a4e7ffb32b390024372b
row	E-1	err_248	0	4	fb36288a48b00fe7413a15fc0479a0a600f4dc7013e75441a46f21a2aae9cfd7
summary	E-1	err_248	-	1	9697d6896e26ef1cb5a4f1ec5f66eae045b31f4f034da6bf14a2c70847b4512e
row	E-1	err_249	0	4	d6e73c719a2783abd414bbb73c05a6d2a79158e0aa13a725bce093feb4411ae4
summary	E-1	err_249	-	1	78f512ce1310afda4881489d9fcf58dc05012d245911f860b55823e4c77967b4
row	E-1	err_250	0	4	23bc4f9ecf938a0328cd220e4766f64ad70ce6e35529b32080e63fa4dbac6c43
summary	E-1	err_250	-	1	d1b6354ff8e935ef602c3f7c611a532b0bb357e0c96bb0d084d412f320659236
row	E-1	err_251	0	4	1578a67943bc78bf1a745a644eacc080480b598ff27707a86af5038b444e25da
summary	E-1	err_251	-	1	78f03e0eadf026ec671b408f6e7a90a0697f4c286ac16a45ba3b72313ace6086
row	E-1	err_252	0	4	f00b5077757958a8d87797e0b3e9cbbbd6a5c74565426f9b9407f461e2c551f4
summary	E-1	err_252	-	1	4e8797e58a3bf1a86c4c5e367cef52146497293ba165552cb9a61d63ebe0f02a
row	E-1	err_253	0	4	1928463040b2669ad082fe8ed824785cfd1fa7c7891494ef1bc46e4c95354bca
summary	E-1	err_253	-	1	f4d55cfe9b439cd29a11d32387f649cc0d0e30b47e3458d5e0ced5dfc586acd2
row	E-1	err_254	0	4	25fbf9ec199f3470271d1205c9e1c9445c9ce4c3a5f43f6d46846af4d5ce8454
summary	E-1	err_254	-	1	ad16bb825345c6b78575a959126e1584890c8d21486087c1a7e531a328788384
row	E-1	err_255	0	4	82d7025850323be4f01a3cee02cb759701d6c1f26f2b488458c1ec8d23d06b74
summary	E-1	err_255	-	1	f7f59b6df6e17e01aeab840b8051675c831a865dd1b41c6001fa2a67cac3bfc8
row	E-2	err_0	0	2	87e71016cc53e56979a00afe06ad3aafbdb1877e91f7d405dcad0be57e0be922
summary	E-2	err_0	-	1	4de21ae8c8f6d8b4b17c2a9c4c3bb2b74da2fde20e9c97e88561c173d2fbee63
row	E-2	err_1	0	2	4dda29dab7c756d97cf087063db655e2d66dc82d253f5b75966da906b7798460
summary	E-2	err_1	-	1	9c4d93cd574d4086678b0baae8602d5a3e50f40b6df4b79c7e19e043e6f2881f
row	E-2	err_2	0	2	007c02a235f010c483c6d7072acdf941db5855870c559f3f651e9a617021d05b
summary	E-2	err_2	-	1	080f8c1881885e71f1671ddb07cd46c405c086fca5e64d479f29fa017024473f
row	E-2	err_3	0	2	fd12f4a4e58a1b181a5728f36b1e3377f85b53fda10d98247d2e9d139d563248
summary	E-2	err_3	-	1	7bf1c4804cead9dcf7e55135f06ae4d705fbeda400fd9164d07ee33a0a95b2fe
row	E-2	err_4	0	2	1cac6c650b31698a9503a9eeef94ee71c2ab77ff2d1785cc665c8b3bda0af11d
summary	E-2	err_4	-	1	863aa414a73f0a638102afb20b1a2fd47ec72f42cfeb7a60a669f93e61389c7d
row	E-2	err_5	0	2	1f86e21d7413a0e63e1a296212be6694837a48a1b0548e0f5db963d378493569
summary	E-2	err_5	-	1	9ac559ac7bce1c3bc368ec4a72ada7b73bef6b240d064c5eb1a62822fecb3321
row	E-2	err_6	0	2	fd22abe6651531b214b3e8e8b49e22bdd8bef236edda064380bad441c101b85f
summary	E-2	err_6	-	1	2d0d52782931fa735b6976e3a77983f9a4bff6f38c5cf11bdd83b2175261aee8
row	E-2	err_7	0	2	52eac6f551d1c94fd3a6155021d9f73206019796a2a59871609cf8163cf40f97
summary	E-2	err_7	-	1	2f300d536c163089a2ccc38d67b25c8bdc14429efdaa0049cf04f1bb59b4245e
row	E-2	err_8	0	2	2b22cdd62824efeecb2fc27e974735d62950f397b3154d0fc348726f3012f99c
summary	E-2	err_8	-	1	de301832fb8bc2196b05e9b3954e04b8e3dbecb32048df2b27af0fb36b53b748
row	E-2	err_9	0	2	06cd5a537774579755255653e566a7e9e17ce2bb3fe26dfcf1f87bb44912fb40
summary	E-2	err_9	-	1	9c003b63f166e3cbe29513699d5aca9c9459220a46ce9203e2ae1acffa6f8a8b
row	E-2	err_10	0	3	76951fe0c45abb2a868c243b2cff329dd82485cf918c6eceb2b7b94ece761186
summary	E-2	err_10	-	1	ca3dae564972a86376da123ece3c3d251b8716643f13576f37beef50ac48d399
row	E-2	err_11	0	3	d1b535800283990e502b32c67c9ae02665df584ba8764d61f01c12666a2ed027
summary	E-2	err_11	-	1	9108c24046a58c723293b02fcfd7f5eccde3d9fefb21ff8f69fc8ca57cf1bd3c
row	E-2	err_12	0	3	b58368af27f5397159a136315ca407e7c1c54e999b531a2c1b4b4437399a47f7
summary	E-2	err_12	-	1	77d892d13abca47446b23811a61ea4ef06aeed18968740a966cdbdeb68aacc49
row	E-2	err_13	0	3	d9df889b6507fd54533ab22d2d96c141f2a2493987e9a4c982a58807d1943fd9
summary	E-2	err_13	-	1	4e25db68ac9fb723116519f89b4427294b70bba662859017d4ac4ea24a31bc92
row	E-2	err_14	0	3	5137af85cb0e7ea28a411045d29601b0232f89ddfc45c3a701fddeb8f33ee2d3
summary	E-2	err_14	-	1	42118a64f585bd576aefd6150448aa3d90d31b2f710aa0ef50e2f00ec6e3f2d3
row	E-2	err_15	0	3	d14d7633f0233b9a5e45878e12da31a83d0dc6352a549c78019e229466d5a37a
summary	E-2	err_15	-	1	41809b78868e0821eeed60468513fc7825b59b380a89f316ae5e36baeedccbc0
row	E-2	err_16	0	3	23c603f80aa5d6e11d3adb906a6a17f02c983bf801383f31f4689e533bbb97de
summary	E-2	err_16	-	1	4c05c72b738f7e419d59534ad6d1c25950d644207c1a33deac5f3c87c2e90b44
row	E-2	err_17	0	3	e8e4717c0450cd13807877c9e313bbe9ccc330c47db12d52f30dbb7cca793d22
summary	E-2	err_17	-	1	03bd79f972c670cc79dd09cb9ea459584caae0c836520e5341cc25abb01a34eb
row	E-2	err_18	0	3	53ba0fbe9face8e5fc2be398a25badf1fbb7e4003de148c2e842dbccc5053e7c
summary	E-2	err_18	-	1	f93e043909079909163086253b61718645be3087c183dc9a63098393a2a60a5e
row	E-2	err_19	0	3	6aeab115a17e35c0116d0c9d0230e2cc215b28734951b2906c7180043d50a6b4
summary	E-2	err_19	-	1	2fffb1ea0dda9aa0af548afc64dafc923e959cfe1476e5add02647ea9a0fcf3f
row	E-2	err_20	0	3	5b44a058b3364c1fb9a3205a051f01723f96a5b3a95025868e0950bd328608be
summary	E-2	err_20	-	1	00788de79be3e4356cec0bba549601f621d690f61bdc115058f63cdda12a1b9e
row	E-2	err_21	0	3	c62b319a89227eed796b4f1dd98bdd5ac2a327b321d1e748c07db5c4d797f517
summary	E-2	err_21	-	1	9992ab71dd1b7c8a9882b5014ff381fa4c2f9ab610833bb169438052471ae483
row	E-2	err_22	0	3	e7fec2ac275fc0b71fccc4ab87b7c6323ee3c3b8f21c0e311e09bbf1151d9840
summary	E-2	err_22	-	1	927ef4908fa13ba06add27d715ea27c06f9e6561856384b4b8a56e94509e2907
row	E-2	err_23	0	3	355ec39a29a45eeee2ce8c2d69980af028340ad62041ed5026efa95df098f411
summary	E-2	err_23	-	1	bef76f3f457c58575a713d01000c23eb04522b3105f0d62ec259295806fde625
row	E-2	err_24	0	3	0072f35db3971689cab06ee3997e736cc28d759a48725a96c28d729f624fb434
summary	E-2	err_24	-	1	b20c5f3d8ef2b373a6c0e49acfc9add2ea6232d6dd50360e6d76b3bd6e244f13
row	E-2	err_25	0	3	d06d25a8676d5dd25cd86be65ffd82095b4619356cadff4a537ae06911c99671
summary	E-2	err_25	-	1	3e7135fcb2df6f6ddcbff6f02d70b4559695d0359f0d5b91a0d27c5d0c4aa2ea
row	E-2	err_26	0	3	a0421ef7f38d719259051137cab88cedcb2b5cb62b298acf62c19df7e4a143be
summary	E-2	err_26	-	1	e09f52de310a65e03102005c317a784a9795d6bb60c6380cd82be5b14c375cc2
row	E-2	err_27	0	3	8f06a4efecef3e2deba571a0c2d68409f259bd8d26c394e90736e3ff523d97b5
summary	E-2	err_27	-	1	35b17611b87031bb3603bdcf9a01f418b34b800a76c00c0a9b052f8eb8f76c4e
row	E-2	err_28	0	3	e5c644499b03c16f4908fd89beb50799e7e0efb992b51d3159c5d797341dbb72
summary	E-2	err_28	-	1	ed2d8248ef24bac7405dc5519171ab92c04ea5c8599b8b3ea01f982b9fc4127a
row	E-2	err_29	0	3	a2d0c76ee15089765c349c1752a45a23e29cfae2ba2c3fc237ad0d4e27d2ead6
summary	E-2	err_29	-	1	64a720bd8a99799b444ba8d523bec17cbb3344bc0d4460f330af9f430512cced
row	E-2	err_30	0	3	de12e010c264a27054b02b2164c9c23ab9628bf756aaa87a38097d48592b570e
summary	E-2	err_30	-	1	07ba6297426f04a9c92eb5a4d9c1ab2fb6d7f88aacff1b1fa04a916acc557634
row	E-2	err_31	0	3	c170de555b700ea3bd0e14cbbe46e9d3cc848c2fa0b850ecb11b92fb3382f069
summary	E-2	err_31	-	1	3ad45b4ee923c49e38a07656992cc4a8f21909a8cc3afdcaa9fa9d4d1974fef5
row	E-2	err_32	0	3	07abbd1dfd98fa8c3512f40b77d77841f72c4f703cd30ddb6d0b508247efc6f0
summary	E-2	err_32	-	1	550e94c891b53556f3069459ec890d54533e5822ad228558da42e9524b200252
row	E-2	err_33	0	3	596420e91ddfb29886456ed97624522499d32f8efa5e0bff997f1e090d94bc05
summary	E-2	err_33	-	1	59eaf15e8a21b613a76265ac2a85adeac95bba1483d9e76fc0489f91487c930a
row	E-2	err_34	0	3	060d5a3a5a37531bce758858d047c6a70199235733d0976d1bd8205951800804
summary	E-2	err_34	-	1	5aaee3847b1f82159d2524c5aea170f13fa694133be128c399b844edf4e86337
row	E-2	err_35	0	3	4f2cacb35f370ac6f67d6add98f111fd7825953efdeb8085420ca2c872bb71ed
summary	E-2	err_35	-	1	21a708024422eb83833eba73213b86b8a7a1f9a4ea5cbbad038abd769437cd44
row	E-2	err_36	0	3	a3310af0e65216819ccefa4eeb12697f88d1c8f418f2a3f468f276f1048026af
summary	E-2	err_36	-	1	12373991b840662d2877176b39f7f3d7b00750eabb92b16e1111a8c1e8100690
row	E-2	err_37	0	3	8c6f9d693a825ebb208b274bc1b6cfb96fbef3edc2ac8072d382957f0d03894a
summary	E-2	err_37	-	1	d707f78072be675c87aa3aea05c30558e74ca3111e07b373b59530d31ac8b364
row	E-2	err_38	0	3	c89fcaf3dab64bbca829eb8b00048f13f158e2c5b62d3a797cc0c4d420dce40c
summary	E-2	err_38	-	1	2f5568da0aae8bca3fcff1bdc952c4a1a926400aea0ed124d46fab9ff0eef21a
row	E-2	err_39	0	3	1e57eb568001ed04358367cd87aec3c8de9ebad8df0967a21a12d94e6a496435
summary	E-2	err_39	-	1	39fb9e3b3d0862aad6c4763df61467f1d50ede3c5fa7d2be55b057d09bdb0910
row	E-2	err_40	0	3	95e5d73cb15942e354c86100e45725788e410819dacd3daf47ede3a54efdd0da
summary	E-2	err_40	-	1	a23a2f9873c506132f2243c82baab0914dc2b5d4cd41f2ae9f72f8cf0c58184a
row	E-2	err_41	0	3	323d1b7df9cefee126c9497f781bfef87c450166d6a7a2a7a468e833c212cd5c
summary	E-2	err_41	-	1	790b21c1bfd9090e894a22a106f9b74f512b15404965856d695bc11281bcf86d
row	E-2	err_42	0	3	51ec9d9fa538115107d24c93ecaa9d09f9d5d46435546f2c43a6f0004e18bfdf
summary	E-2	err_42	-	1	3dbd5a8f4f7e4fe7e73b3ad98113d85e74fe9bcd079d3335f17d30af409d2713
row	E-2	err_43	0	3	87ef009d18a9d6e0370431f7841ac4de701dcf6c86bccd8e5d6edd50018c7fd9
summary	E-2	err_43	-	1	b286643d7b661382c7770ea19a540754f9eb5a15f1a3b4f0d6735114c4f66be4
row	E-2	err_44	0	3	7f833b09c55345b84e9c6779e9cac50998b5a58cdf606c98ba02049ad65ce483
summary	E-2	err_44	-	1	1e7d3f56ee566957f51ec534f0095e45e2df8774a9ccdfdfbaabb956bead4045
row	E-2	err_45	0	3	f6db9a42ecfcabb557ba6c255a5ccbf0ce1e21be318da3debdcc8391e68e3823
summary	E-2	err_45	-	1	a6c468aeec9967ab2ea134abdd84156cb8793dcd83c2b222b1f35f621dc809b2
row	E-2	err_46	0	3	63e967a2ce5ebe0fe04870c8fb7dab8d4ec94a257fce9ac87e7bc0a8ad34b9d0
summary	E-2	err_46	-	1	5d0c1dc56dbcec0a5178379a05806904b42ed2f90fb3f8244a9b825d48122ce2
row	E-2	err_47	0	3	916175d13d9170723e72756564748a06785b8e286a613bbe3d56c7527d1983a5
summary	E-2	err_47	-	1	fc2540086e01f891ef4a109e77cc3d969481a14a2e249ee3ba88d500d3d84d6b
row	E-2	err_48	0	3	77e0914ff1292fc7ab6f845f95f37770ea304455d74a4cc24bafc7abe9400167
summary	E-2	err_48	-	1	a635bbc3dc2c810b7a1c02ae81c1042c1472eff5e5136afb759b5fb548b46ce1
row	E-2	err_49	0	3	1fa8dd93016e9656ed9f822c72bccb2998ad49039186cda9d1837e8cef05c998
summary	E-2	err_49	-	1	79025997d7bc1971be8cab59034ad0b99a1dc850f9eb3f4e0840a1ce232e834b
row	E-2	err_50	0	3	a2bb5e61d749f41fcd9695d39ea849ea2983b5d231585d17106260694ad866c4
summary	E-2	err_50	-	1	83f2449d7e6d2dc45522da246463409fc525aad636af335907622b28afe3b25f
row	E-2	err_51	0	3	575414b8a420495a651e98531c6f84a05b8412667fb45aef5da39bc57f7d3c6d
summary	E-2	err_51	-	1	297623a6af7780b10cd292acf94f38066e6b78b0563f667ecd24ad639313b774
row	E-2	err_52	0	3	f0ae8441976c3390704eaaee0f9102cd2c53ad9b2522ae6af48a5357aac6197b
summary	E-2	err_52	-	1	40337693fe2b451d28c39c36e1022ad259e5bf3d494fb669c73690dae4f57aa9
row	E-2	err_53	0	3	72b973a11cfa69dc50d88d48ad946e96b3135f90cc7afbb8c2a07d917cc94c75
summary	E-2	err_53	-	1	7ce70188dae0e4b17f13fa4547f13df4f1d5e9cbd82f898cfa0d9d3a0824f9a6
row	E-2	err_54	0	3	c83511a32757da25a74dd795dd19e3af84b6ea42384bcf49564df2a73de26c7e
summary	E-2	err_54	-	1	1e44e1e36c68bb9fc644694ecc0c1b761c38bd852549fb0c243614555a4872c2
row	E-2	err_55	0	3	3335eae9dbe4bf219b3e61dd226295f0ea4a9fb46825a710140eb086bcc768e3
summary	E-2	err_55	-	1	8a22af519e5e9976f4efa2faafcf62056255caacd1e453ecb57139d9bad00823
row	E-2	err_56	0	3	5597a9cb9950be166e5931c47b8f8c1a96781304999ce10cc77e446a51e88072
summary	E-2	err_56	-	1	7c1547f623fb8b81b5c4c12295fd7b26ce7a480689ec3550af90967400870858
row	E-2	err_57	0	3	9e5a4a731621b9bb31af688272dcab0199d68c2cfa7b8e3d7000a081ced523b3
summary	E-2	err_57	-	1	36813f89370989fb81c22c0814358966b1a4b667cf9dd926e7113d6d85e1b967
row	E-2	err_58	0	3	49f60f611f33bbc18b1d0f9b2f0dcd577d2369088f88f13cc39641b80279416b
summary	E-2	err_58	-	1	107c8ac876d9f8b42a6ad28e13548946f975b7e7f77ad1e577bdd3efb01d6e41
row	E-2	err_59	0	3	4f4b330f4e013e6e46bea81730b2166bb1214a5631704ed455fc84dfb7a6611f
summary	E-2	err_59	-	1	3cf314e857b36fddf281a9139e465a10ebb3ac59935689c3d8e80dd6402709de
row	E-2	err_60	0	3	c01f8ccdb9fa5b1a55cd06e87f860d3c4fb25dcec5ad11fd1f23a0df45e16418
summary	E-2	err_60	-	1	4818d22065ba6552c821900bb15a63e9b8034818ff01de8cba95bd9a655cd6bc
row	E-2	err_61	0	3	ece2e80f60a5b271fa87db62185e50a1d26c38caf2e7126e3c2ffb3c570854b4
summary	E-2	err_61	-	1	b06bdf8b7a4602148ff35ca9a07b516d0e2730f250d40deb2e725d7355b2d186
row	E-2	err_62	0	3	1e0a514820d2e4daa7e4e73e397a22d1a29e74ec04227874e686dffacffca483
summary	E-2	err_62	-	1	5d97ea484b935a5498f97381fc67a786613ac49f429a2d9f9482a33f4965ac90
row	E-2	err_63	0	3	66142b1306a14a5ced60bf8cf32705be45161246b3339581f7a4a72634387598
summary	E-2	err_63	-	1	a451d21a941bf2920919187d6847a7075b8ebd94c64df2ba3d054e8a7b8ad01a
row	E-2	err_64	0	3	bb7ba062b1a04c924e7090996920a210d2aa9ffafdb36a156bc878c451cec2cb
summary	E-2	err_64	-	1	61f46c507715a19c79745c78c7893b47bb215db16f0ed766d3af458bcca19749
row	E-2	err_65	0	3	ad12789ed7696dcf0defbd5f679cbc237599cb9721e572c3de1e27d028af9b4d
summary	E-2	err_65	-	1	a4181cc04b03965ed1fe785c03216546f48edb836429cb4f49c0a3a7bf412c82
row	E-2	err_66	0	3	5313333e4d6c954330a612d9f71f34aebd6b96893fcfec5a0292c140fe624d55
summary	E-2	err_66	-	1	dec051dfb52b66e654e7eda8dc65a907ea87456d3080d1742bc8bab4c7a6050e
row	E-2	err_67	0	3	f31d8d4bce1bd31b687dc423c3d86ce7a4b24e10612bce09f5faccd7dc98fc22
summary	E-2	err_67	-	1	51b830c9441857ffd3aecf780eedf9f14d3b0c893722291562c4d74bece787af
row	E-2	err_68	0	3	ce9c501fc13de319e033965503eeafeab6ebc5ea03566bddb43395732f9b8489
summary	E-2	err_68	-	1	09928176a63b7afe304fd969a9a170e0292df5a2639213891230fd0b30cd0f2b
row	E-2	err_69	0	3	77956afbdf66b044179e0aaf50d75288cf6feae144c37c16730f4b06da598b9c
summary	E-2	err_69	-	1	6a61ae8bf276ebe76f79a85e5f54e7802799493c6ed86f6c9c68e51953a2e963
row	E-2	err_70	0	3	d771cfcdbf6362b96c2da9511b78535f4252f846c549630e8c60e19a4043ff97
summary	E-2	err_70	-	1	b480cd1eed307b6ce3a169edf3e7510f7484eba9ae8f7145bee2d8185320da92
row	E-2	err_71	0	3	c15d75cc1cb3c0500447636f39124eab2f515acbd0b8c76753817aef58dded14
summary	E-2	err_71	-	1	e5ab86c6f8baf92902d5d5c577c09b9b3393f0faa2f8e19fae6a94b5797dae2d
row	E-2	err_72	0	3	3a75ec1ebfa0a1884b29863543af4812dfe2240c4cdd871870c446f449c36ba9
summary	E-2	err_72	-	1	6bc7406045eeb7844efaab9793fe6d321ff922ea8021d495ff6548278fa7cef2
row	E-2	err_73	0	3	48e3eaf10f172dc9ebbe6a5a0ff2350a7b6f90af1c6e7c1ac67edd503df14ca9
summary	E-2	err_73	-	1	bbb29c353a4f93d954841c6386f4b3fd6bc5c0846335fdc9cdbb9dfbdacea0c1
row	E-2	err_74	0	3	e2d8daadc5baa9881c6dab6275d26f2def51401660590f91e425ec27b4ab5362
summary	E-2	err_74	-	1	9934ae711ca2a084961bd1d8be90aacb201ef2a7e4c6759d20cd5c0c6e8dd0c0
row	E-2	err_75	0	3	c238623e34e1e5e189659406f0f741e9b3a0d7dfa4a0750a011a068a5a91c2df
summary	E-2	err_75	-	1	861f3129a27aab54af7fa72e52204cb09568abbe5b8db020c8aaed0ce6fc21ff
row	E-2	err_76	0	3	7a887d0c7de3c02826389507346741f0dec3686886ecd9f5d540b02ccac0db42
summary	E-2	err_76	-	1	7c8dde1d4534220bd9daf5bca8870486ea934744682ab011727037ed521e3b5a
row	E-2	err_77	0	3	c28f83156d1dbc84195925734b339e5cc4fde5a19bada419603559c995380376
summary	E-2	err_77	-	1	3d2cd5a70235dcdb3143fc35321d4f2fae51728527a30fe3c652a6f8686f1468
row	E-2	err_78	0	3	468974d24737bb55a34872c4e7109721d1b35fb2791f1c8089d35ca178ad89bc
summary	E-2	err_78	-	1	30116c3b0f8bf9a685cb2b2eed19b3fc49c4e20036e1e1f7991e03e360d34f17
row	E-2	err_79	0	3	6975e085d4de294a587c14ebfdde977752c6a8faca1c575136c17f5afb2be69f
summary	E-2	err_79	-	1	d9b72c47ba52739886db7e34dd76052993a5a4ec838913b1aa45fda7d0612538
row	E-2	err_80	0	3	073fcf363f3989864796e9320c1cb7c176ce8e5d33821a5415d2322b5ea3d209
summary	E-2	err_80	-	1	878bde189756251a2b1fd4fe463c12a4b35d76ab47ae59086673dcec4f37cd56
row	E-2	err_81	0	3	3edf99b989b4f2d59a4ea766461613ad2d776ad3e6ed7c622631eec8dc781d75
summary	E-2	err_81	-	1	75931c60a1de73cb89bdd12f6953e8360497e6cf673b5544fb7183126fb77985
row	E-2	err_82	0	3	f11445994fb29a32bb3dc865eb647becb0b17d5f05cab09052c671342098fc80
summary	E-2	err_82	-	1	92a10d90833be67869c30b56579e8cf6855d97b4b3dc5adc2b7c7ed223337f1e
row	E-2	err_83	0	3	3b5e0ed66958f9973d5b7051a6df14acb72afa219bd7e8af485e54691fbfe048
summary	E-2	err_83	-	1	8a9f045f35ac663a8d53fdd859034a771ec33b2a4bd05a230b634d1b5e0635a1
row	E-2	err_84	0	3	9b6c131039ec1c507fff067049d5b59083a407d559a8bde144feef85a42286b8
summary	E-2	err_84	-	1	3a7b4483ce30eb5b83451dee2281fa53a91b06bfdd2dee917c4bbbf9c2010e4a
row	E-2	err_85	0	3	cc764c4a0eef256665a978f36f5998c9b2c92fe5a642df967cd81af4b818d447
summary	E-2	err_85	-	1	ced40d70b90752aedd4bd9a25cbb52371abf1b1cee7993b5823b27f231d9de43
row	E-2	err_86	0	3	23d0b6ab46693b089d5bcb671b4507ad1b2eda1237a47a3d20cf68ca48635f2b
summary	E-2	err_86	-	1	43e81d7bed4faa16b0a61a0f6cfe9fdbece20849f4f4d15ed18fa4a3378c1d0b
row	E-2	err_87	0	3	66f7e3403a96fd7d95ddb5b0ed0e356ebf4f807f65cba14bb234a064095f3d72
summary	E-2	err_87	-	1	48b204690b666e7d1068e6c459d8d11ffd65778d56eb2715809875ea160af99e
row	E-2	err_88	0	3	7eb26ee0f18e5db87ebe8d2a436ee955a8d900ed410f838bd9374554b40ab353
summary	E-2	err_88	-	1	e71507afa9f482ff7e4cee486dbc305cc98a3c65e2e00324d1fb37ec24f3c0c3
row	E-2	err_89	0	3	a1d93dbe979760fdb8cd60f67df038dca5146823fb0efdd2e5d7b8d61d3602c5
summary	E-2	err_89	-	1	2a0e42ee6988cf7787e481114ea4c627349a167501ee521bebe05f37005e1c38
row	E-2	err_90	0	3	f23ec7ba15a6e533a083fa47ddae1eb5c88f1c875ae3b623808fa5407489a8f0
summary	E-2	err_90	-	1	604755398df05c00d12c0cd2861799468a686b148ff19c1dbbdba686f469ed26
row	E-2	err_91	0	3	c2188a9d87f08c603f601fc4ab0cd3d89f946128bd04cd9c5b4ed9cdd6f314bd
summary	E-2	err_91	-	1	64da2f7308242e4ead9bc929fff3f92e3341b2d0a648154db3557e13110331a7
row	E-2	err_92	0	3	4cf603a939603805140342e7276979979876918ae928d1ca2c8c8d3b3bae5423
summary	E-2	err_92	-	1	deb8d0250906eb809f095de6831256c834f223da97ec9086a277801def00c7da
row	E-2	err_93	0	3	d072da3808c97a41ce20f7206f86124372ae9679ea9e02091285a1c2106b3dbc
summary	E-2	err_93	-	1	f6c955355911e7bc80133ebc4ac586ec0e9d8069f0b4894bef6372302e9c0be5
row	E-2	err_94	0	3	5efc410da113dc9cdb4311fda1bff6cfee5caeb11d5b4389d6fb4ec486284348
summary	E-2	err_94	-	1	946cb7ac506576ace99f7028431ed17bba1103a7dd1a59b5526c9b196e93364d
row	E-2	err_95	0	3	4bd2adf22f72b95fa1ae79371af7ec14ab2d6b7eb0301662b5c7f442ed249875
summary	E-2	err_95	-	1	0929f63efc89b3dd6f52c66fa4ae964fcb4b34f3f9f3e4bc2e1f82ed6524ecb2
row	E-2	err_96	0	3	c1bdaef14d53a97b8744d3a4e1fc8152fd426587479aebd077544ed036d59d8e
summary	E-2	err_96	-	1	35af96e6ff5623ecc676f58d8db64392ed27ab43ee3106a8e6e4735cb84fcf79
row	E-2	err_97	0	3	3ef1ad64e7dc3a2d23f6c0918d761a50fc1bf5eca03e26879a4178d00c13e9ef
summary	E-2	err_97	-	1	7e875fa463929a95350ea8b2381140e98c7799c8c3eecf8424e609a71a9e3a3b
row	E-2	err_98	0	3	a4a6ded54066a40903c7f714a23899a1e79a39460e9dac2dcbc85b80352a75c2
summary	E-2	err_98	-	1	29cfba1b6dd17b22eec60bf12e5ad2ac281924fd6e152e1ef9d162f4a62d6f59
row	E-2	err_99	0	3	f9e453a7b783929c8d2b56d66febbd9c29d5a62210ffad050564b90bca06e34d
summary	E-2	err_99	-	1	b52508d331ce299952cdaee27b3be90621a3368d31d70f7aa1bce4006bf55079
row	E-2	err_100	0	4	f675f38cc55a755e6f83873a33f0d01ea03f755014e78d1377053f01f8247e26
summary	E-2	err_100	-	1	fd1090374f371477f59637db9c132cc1c2bf9ca42d1739533406ec4b8349001e
row	E-2	err_101	0	4	fff3b387485e68f8924cce9257487b94441a399591d5dfdc0a86732773871f9b
summary	E-2	err_101	-	1	5492530ed678730b6f472153da32eeabf14221c1a944969ca8be5c845d382240
row	E-2	err_102	0	4	8963e3d1ee358503f6def37b0f15a8f6ed6ae49802d2712bd73ea918fff41a80
summary	E-2	err_102	-	1	73f16e7bcf8c7084a2533291cb0777f86edb2a201146b6f4e60adc03b5222f23
row	E-2	err_103	0	4	c2348224bf2a11bd87cb8227d5a2ec17c5d248a2fca634538bc89379d829d23e
summary	E-2	err_103	-	1	3f68373e7c44b863dafefe37eac30e9ad945315eb070f9a717952550dde45063
row	E-2	err_104	0	4	e510d23f43eb474a6436a328200d62d63ea410d3e78f09eb0afebd2993f75b42
summary	E-2	err_104	-	1	fce86e84763ba4e883ce7fecd17eaf3996ce6b23490c665a060ac76e0ae9e707
row	E-2	err_105	0	4	d1ca7ee55d1f2c417dcfccf7d5cebdf5369a6be88285964067a87ab8ab44d5ea
summary	E-2	err_105	-	1	4d850908fb303544f15a2f4e26756eb395fe42f593e96ace9924185121e9d982
row	E-2	err_106	0	4	64744391caa98a16452ee6ebcc38af56df623b46434b4910fff4d106de81109a
summary	E-2	err_106	-	1	eebd28514870e1481e31caf87fefef94544ea3c92394f3576f6894f86d69a041
row	E-2	err_107	0	4	434b56b2f14249bf0542bc5317ad81dbb2389c212fe2888c680f96be3842c43b
summary	E-2	err_107	-	1	7c446a8fe716eaa6e1ece2c273ad94b00b533563532ed43b043a2f29ce952cfb
row	E-2	err_108	0	4	b1165f0c953ede91468880b6d8dc45cf76e20060afa0668c881ea715f6d7c51d
summary	E-2	err_108	-	1	7d669913b9ca6fa12395d8dea245f983b8f937fe6fba4d0a42e8b38a419c7f09
row	E-2	err_109	0	4	97334b2d4eaf3779c8e25b13b56afe5fb01b40db08e10a3f9936411a7340d5ea
summary	E-2	err_109	-	1	004164bba7d9209d1c5b88e24760755bb82ec1ec2726d8d239579de5f966bb46
row	E-2	err_110	0	4	3398cd9987cd01655f0daa746e772f80f5416a5fb9fdf58c05468a1015ba646d
summary	E-2	err_110	-	1	25d71c8c68cd4c1d174bf40ba395970badbb46c78d3918d69150ce7c383534d8
row	E-2	err_111	0	4	c0beacaf992dfe5bd2d3affe774f1d68d6e7dad4fdb4ecc27a995d76d0045a30
summary	E-2	err_111	-	1	2664de0d1f89218fadb9e5f7f5ea56ea9c13d8d31fba48f2fc4c91b10d525907
row	E-2	err_112	0	4	149c9477f43ccc99c45b1fe62fece8cd5cab67a75f3d1b7514a938ae247b45ad
summary	E-2	err_112	-	1	1f7c62a06a671cda0fcb3aa154c702fcb30c8731a426eef77f2f3ed42368fc05
row	E-2	err_113	0	4	6a85b471ae1159f10756866ed2d4086cc745578efd8ee6530e796becbbfeeda3
summary	E-2	err_113	-	1	96e3c6fe5e91ab647cb0bfab2f554a5af5d7a6237e4a9026fba4d294ae91ce99
row	E-2	err_114	0	4	42c0119d45d4a5727eb96466e805ac4d1220eecee756ebb9bfcae2b1efc85613
summary	E-2	err_114	-	1	bf5fc71e782b0c3bf44053dbde354780c9cecf3d825fa8aca2a0331e93cf4659
row	E-2	err_115	0	4	59141b8ec3b1346bca1102d54b2d49a53c3b9dc56ec2086d30eae409eaaa3356
summary	E-2	err_115	-	1	5db6aa97bc56a48cb7d4cdd16efd145784ab9fc09dcb2e53b6f5e47692d2b771
row	E-2	err_116	0	4	2bc69ad899b6b2b35d825ad0a943e8ad3a2e5f4a5d58b7a961ea627e9a173076
summary	E-2	err_116	-	1	1fe5ac545407ab68fc8fbbf407e4ff36457546fc50d49d7993ecd13d41511866
row	E-2	err_117	0	4	f39515c92b1c7fc6325bc53bc5b96b3a1d2715d8d88d6d55e1dfbf261f067d80
summary	E-2	err_117	-	1	8d24aed1593ce9327c897c210e3d5ec31f1052e31556b90a963b31baf8757c85
row	E-2	err_118	0	4	d7fa7e8b5d9cfe9258a42d6d24aa10f2f0ac3d19679c84a5718de1ab80f81b33
summary	E-2	err_118	-	1	cf004fdaeaa6647208f16ae96d2c988d341bfc7101f8e4af738689e9199e1d70
row	E-2	err_119	0	4	7e2e004593a0311c9ebe596bf239937eadd089229183994abc72ef3fae3b57f4
summary	E-2	err_119	-	1	c7fa1ed15eac0093b607ae936e52be8ff4d7513754cf7f8651d8284e61c07f6c
row	E-2	err_120	0	4	58b002024389d5af5e11e6dc750ca0f902b5fe92dd5377fbf977f12f70eeb191
summary	E-2	err_120	-	1	98517bb3cdeb99c026f1aea823caba5117082f8ad8c02deb4299f02a692bdfb7
row	E-2	err_121	0	4	fe92a6b874abe7d8e3376c4e6c740557d9a22f7a2b045a9494cf6c5d0a8cadd2
summary	E-2	err_121	-	1	eaad50cd1203505a6d7832147bf5790cb35dd4939488040164cc7daa5f890036
row	E-2	err_122	0	4	6417af41c19196a095fee4e5e738217017c59b3e30b4f8764522c5652c322ddb
summary	E-2	err_122	-	1	3963f7b059da2963fc080ba9a548fc31ae29ffb023e062a48a530a209b8a6380
row	E-2	err_123	0	4	3a4f331733f3c18c27e6f2555e37e558233a6d8edfcc2c1c6d7497633ff96604
summary	E-2	err_123	-	1	ba015bd4eb74350de9c4f75be5f291a6c8d20fbb1bdf61241fa94cf4f2554681
row	E-2	err_124	0	4	9f0c5140cf8f989eb413c97ac0d9fbb7dd969b0f3c98c3f8a9fccb6709d7b2f7
summary	E-2	err_124	-	1	483ab71a9e65df2663e86a876367670a79e615f226246bb2e91d183c5dccee84
row	E-2	err_125	0	4	da507b188b6a945d97ab0899eb649728e1b121857f2d9a0eb7ee06945c179321
summary	E-2	err_125	-	1	35ccf9c785d85146e906148026c2638eecb2efa061aadd0fb0f87ef89d314160
row	E-2	err_126	0	4	52221d8df43a0587b1f7bfc9929edf53ec2aa4766c6d3aac904f158dafd9bbd9
summary	E-2	err_126	-	1	9aaf22928e7c381a99fcf08d157ea52f56eb8ade90c6b425e18331cbe3d9a60c
row	E-2	err_127	0	4	08c0c9bc98af3ef74b0cd922f01deb4f37475e5266f435bf489c3f808bfdf507
summary	E-2	err_127	-	1	39a7b28457d7e541635253463c7518bbc09b15460e679e5a885e2d3c33f1ad59
row	E-2	err_128	0	4	9ebb571975b82d0d629171f5f3ac377f88a1da486cdd697ecdcb7becb20ece59
summary	E-2	err_128	-	1	99d073fb1e7ce9f32b7024fac34f9d202f9112b5c698986fd597b96620cef19f
row	E-2	err_129	0	4	ccec5806368877271d69180af43db3cbc9dced11e588257d3e20cc3fe743f7d2
summary	E-2	err_129	-	1	b540f632a4e1e4000216d19f38840095e6876a45fd48b9c1216567e3c12e774d
row	E-2	err_130	0	4	f55c041fc0f02b9c0c1d9df493dfc01be1e7d8c2d3e7b33c8cac8b13d1225193
summary	E-2	err_130	-	1	6d5dbab08f3c307ba0f69c6baf60e530614dae303ddba27d03a842dbf32e5030
row	E-2	err_131	0	4	c57f7dcc072d432c0ff4a34c56f5e2e46c1ccd48eb7721317115bcb3c3017e75
summary	E-2	err_131	-	1	85995b0fc0085fb85b773d4a5d05c38fac580d059ab0d26cb7262ab1c0c913d0
row	E-2	err_132	0	4	4278e49bacbb4f4512daa2e56f121a87328794d2e171145a84ef722e7c3718ed
summary	E-2	err_132	-	1	067a9d693c3048eaa245307d93ad34cd6371c65bd46071c19d81b4948a68650c
row	E-2	err_133	0	4	f5599e6b4003f8c5c932bedded602457cf62d7b22a86140554a52b892e68d7b7
summary	E-2	err_133	-	1	d2c9a396b5efd65928bf85a77315bf6b780047c1d27bdf2e27ac5f0e02f85350
row	E-2	err_134	0	4	8e8d44428b5638a08e6b3c322877f23042064d1fc424b47469a0c412da72342f
summary	E-2	err_134	-	1	aff12cf6da3986893022571d0da9f149f72d8dac99b4bddb88141adad358d8da
row	E-2	err_135	0	4	749c86e9376106db5f641f5b273b14ca8d8fb23d7c84d40895da0c218063260e
summary	E-2	err_135	-	1	23f861ef9b788370c29b2c10afc14a8f0af987cbf19784811a4480e5a1f68ace
row	E-2	err_136	0	4	acc21e5398150d649b8b1c2612b564f431d8c2ebe75f07d1aa48b55b7ae83615
summary	E-2	err_136	-	1	eb9b841479286ce3967995140e93a01f5e6553f9929717dd7597f6652b4859f1
row	E-2	err_137	0	4	7aa2b5805582406751173d74619f40b7548c3b692e26abdad015da1b520faabd
summary	E-2	err_137	-	1	7d3fa413b43fbb26ed4d4e7402bcd6bdd2a39fd5125f4285ca6ac3f9b2bd4d1c
row	E-2	err_138	0	4	431b60e7380a8da8dd71d04d20d66fc13ab3072802beee527cc1ca2462980782
summary	E-2	err_138	-	1	9caf4e379c6162ff9ae5e90df186cfd3e9afae30b02cb3abadaf16c2ef216e4d
row	E-2	err_139	0	4	28633fad5f488d8de3254c616c8444699382f7e26157ac14b0506a4cd861712d
summary	E-2	err_139	-	1	f6bb84f46d7be808272f96f07684d91177d77e345be48670862e43b8ce4c1a3d
row	E-2	err_140	0	4	eb660e33e67f0763d1a93da43f671f94a76e8442073bab4f5db37a275eb09771
summary	E-2	err_140	-	1	539789cee01d032b2d4b9962e7c7941f7be4a7662b3827278a46cde03d2fce40
row	E-2	err_141	0	4	a284fd70b3090124a72cd3e04f3c276782130683623d946524b2f482206672b7
summary	E-2	err_141	-	1	1a1f19dc86d2d2355c57169365c7716b3b13837f16e737f02b976b1f34a6a713
row	E-2	err_142	0	4	bf554a2cf86e39f1877a0d8a4ac5e96b16339145234cf76d22dec0ded6765af8
summary	E-2	err_142	-	1	92623a493ac157c98038cfd3a4e8bc4a311bbb83c69fcbc90bcc5637b8987236
row	E-2	err_143	0	4	7abd5e6279d696505ca773d6c6e7b5d3f85c3412e26b24720a283794677f1198
summary	E-2	err_143	-	1	5c213e33f7eff0d138abb86bc6da49db7f20505c5c61276fc4a1c5c0503d2037
row	E-2	err_144	0	4	fdf32feefaa4d0116a91579acfbf4d92495d76b014923c61d20732ab6eb6b456
summary	E-2	err_144	-	1	a464e666c7690c09585172b0c88425b4c32f01ab75a0e2ae45e3d7727d38a63b
row	E-2	err_145	0	4	7d3c5108c2ef24b1d8e08177f04880f5289099ffef56a817db88b27d9125c85e
summary	E-2	err_145	-	1	33b1e5250a8d1be9fec23d939377a9ca4900fc154e855275cb132a53ec8a71f8
row	E-2	err_146	0	4	c4a89dff70b32f19f4f5bf9e8ed7dfb4faca3e571e7fa5e60b49cdc4380d4324
summary	E-2	err_146	-	1	dba80ba55609e606819203c8a168dbef827c7cd90fea3c59f9f674eceac51d9c
row	E-2	err_147	0	4	1490c1d58e40fde8a60168efe2cd78bc276b5b5d79fb544ce9000a19a7f8b7f3
summary	E-2	err_147	-	1	1a89fd14961952c0647e370300d845924e691b744dcc8766d6d0cd5469f60f70
row	E-2	err_148	0	4	266b53eec4107ee90f18dc4b3fb656949e1318598ac9fb79ba5ec49cbd460f01
summary	E-2	err_148	-	1	f3a7d69103659f5ea2a19d6ab4fdd3e9e9b27e970a00917fa72962a03d8893f9
row	E-2	err_149	0	4	c1af9990088dfdea870823af046bacd7dcf4ec2141de8153a92b02d7336065fa
summary	E-2	err_149	-	1	0eb1486e8305b85945df94a0a21ff08f5a6395f0b078df949c2efe39b3e47375
row	E-2	err_150	0	4	05d2888353153e5f1b21e8b0d495a7f09471c9af48ef185e365d3222aa5c6aea
summary	E-2	err_150	-	1	741f6e58e9f56ead1bfd23f188e0047a1fd78c4645c0d07e3cbe97f0382f87ca
row	E-2	err_151	0	4	5d4206e535170d045909e631cadd4aa9c8856fc1fe054768d9e81b5343dd2eb3
summary	E-2	err_151	-	1	c19bff9212333bf6011b218c300ae0243b491e78effe9e89e75f89c5f5b7e358
row	E-2	err_152	0	4	468f731c63074e1b0e177367d0b4bab1c2ef0dd7ff918054485e998db55f9e4d
summary	E-2	err_152	-	1	08231062a1c932d0f94aa584644e3c302025c88e2d711b8c93b96c96c444f359
row	E-2	err_153	0	4	9aefa1b72b15320d17ed6e8807be9477c3878270516a7b3436b4d63cb6f2e5b1
summary	E-2	err_153	-	1	9daa67027583527458849a95bc8e91946cf12e3be3bf4a78775ea9ebc04bf434
row	E-2	err_154	0	4	59d68db858a86cba98e8d7a9b8b98b629583ed084bf3df65513fabbb2826b294
summary	E-2	err_154	-	1	1e57cf84d024f834f5d664d3f5972995e11767d0a2f79c779c129b3e6568c4b5
row	E-2	err_155	0	4	641a425038a485f210ad3eb9984f795fc73bad0bc27a86c1bc5f984bc31598df
summary	E-2	err_155	-	1	174ca33de8a76871932329d7f1314b7e04cd0410d089a7a9a2217bbf623c4dc5
row	E-2	err_156	0	4	7be9e1b046b6f30d643ea203b43d9c610560c99a110e048312c7091a88010c92
summary	E-2	err_156	-	1	4a3bb6052bc04319325e948c4489da75d969b496c301b6c1a9a875f9ca8d6c20
row	E-2	err_157	0	4	b6465e7cdc23551453a5cf9e368fd6423575b8c10055ce8c9ee56ca7fa09a11d
summary	E-2	err_157	-	1	4f3acb8f7d4b824e8c47910102e8125208d15bdf01a16389d741a99854d18e90
row	E-2	err_158	0	4	0ddc0a090804ec9c43f3f9fc655480b983a376eaba927fa197b57562b4c5e77d
summary	E-2	err_158	-	1	7a7ececd8d67260c68acdc0a58f85f1c316ad25881acbff99fcb5535073f1e3d
row	E-2	err_159	0	4	a92aa7795d5b0ebebef0812cfd66ba506393eca43a5ad2aa8564fe4a5adc5153
summary	E-2	err_159	-	1	de9305ffa044e0081e5eaad19987e4650c7e13b2cf0a496ec9766c7ffc17b778
row	E-2	err_160	0	4	765c06b11d04f7e3b477f5c0da636a49a735dff4c2e60c2c238be8b86700fee1
summary	E-2	err_160	-	1	04a14dd89e20bd947e72c5eb64aff01bb487e4f6680c0ed0eb1a54413d21b6c1
row	E-2	err_161	0	4	fad6d11f083287f716d200c86bb760d13929b0791918ad4c33677414bdf05a2f
summary	E-2	err_161	-	1	14ec2c859e1ff53f9e039fbeb4fcf63779afca35da2fbada21e2542580223d5a
row	E-2	err_162	0	4	7bff948ccae0e85092bd01c0b4ac668fcd0e2bfdac320a9693ba70bdb421168e
summary	E-2	err_162	-	1	756bd14fca6780e712a1d532d5cb439df9382f9ecddf7bd98cb1db12c1d419c5
row	E-2	err_163	0	4	9de94b435c78e5161a2e1da167f2c39325bcd42c15a3fc178be96fd838753451
summary	E-2	err_163	-	1	21b221224668021f04d303ee691a1bff29bbfa1994b89fd8a538ac8697225694
row	E-2	err_164	0	4	736fe74a26e295784279950de6d41df567ea84b6ef048f19e64a42f7e9ed6fbd
summary	E-2	err_164	-	1	33c2f29dff50de616cbe1fc15e06e3518cff63888c0678411045585d519c6aef
row	E-2	err_165	0	4	de540516f1f696668c31a48d4dfa8d3795940125b78fb70956d3150956490624
summary	E-2	err_165	-	1	56346a4e35da998dedb8e8109b6a1795114014db7028d1ff9aa104a86760081e
row	E-2	err_166	0	4	e874ac099ea64fb04342a809076eba9854d05c339fef2a86333a97394b15f0f7
summary	E-2	err_166	-	1	3ada1239805cb0b7a89a447198098518dff354bc48e291c82900b26c4ca2965b
row	E-2	err_167	0	4	6392ed173aa803a4e46d071471d1dd334ea79373755feb0e348418866a251fd8
summary	E-2	err_167	-	1	235f847e2d0372e06e3dff432bcc20f0d445cc4579527ac0f9b91ee694204d97
row	E-2	err_168	0	4	bb2c841f719a0e8596802b2bfcd4f439e7a0530a0513b389a0566ab795a91c16
summary	E-2	err_168	-	1	42f1c48b3d0730f2f180e2c7be3cf964554e3d1d30e04515d9c8941c625cfc1b
row	E-2	err_169	0	4	c88e5d82abea5bdd4248a1ed66b9dcb411ff91643b3c73d1916af23014e7d064
summary	E-2	err_169	-	1	18a2e6128f23ff7f4b704c72e45c559324f02822076bc6fb946a15ff09aee61b
row	E-2	err_170	0	4	80514f5b9d06a5f348e0da7ec85cfb5b25577982419a1b0bbf1c9d74c69cc1a6
summary	E-2	err_170	-	1	1b274606a35946c0a02e52d6f0abc7bb6e6d2314a5f23993a0dbc646670c8448
row	E-2	err_171	0	4	018cee03dd5b80b92f53831d099fcaf4924f2aabbedaa53558fede1b18326f17
summary	E-2	err_171	-	1	152ceea53db2950c141ea32f32199391bb1aa5d80dfade342b95fcb438b04b6e
row	E-2	err_172	0	4	c137c13032853e32f95ada18031c1fd62e8b242bf016328ab35bba9d637b5184
summary	E-2	err_172	-	1	83f2ff6302fd5b909409ff6a3ce08e47542d109af4a266ede5db558b9a0ea76a
row	E-2	err_173	0	4	f5775e6415f35a5983cd6cfd5fb0f022eb6fc012199f3c96b8be5bc0472b5bb5
summary	E-2	err_173	-	1	7dca600b0dfd1f8ec34269a708f1d621641980a43cccf5f99fca709110e056e3
row	E-2	err_174	0	4	50071d05d7885cfc9ea0f7fb318ca6a7ca4a37910e2a5b7fb34611c332a4dbb4
summary	E-2	err_174	-	1	ea0f9e029aa3a2b32e9cacaba5ff353505b8c1d87c9c5e92092af414472b550e
row	E-2	err_175	0	4	913c8239adcc0985a08a1cd6d733690bac31f2ee643e7856ef48b61bceb38cb0
summary	E-2	err_175	-	1	26a56a571e62d3f9cf41741b755972608b2a17a9ed47ce0344394e374b8801fd
row	E-2	err_176	0	4	9030e6b883117b99af63754cd8af35af36b2b1bdbab5214e1b1cc15d2cf7147e
summary	E-2	err_176	-	1	523318a3dfa28c1a3b48eca4852433792451129d0187e0b708934e59705802a4
row	E-2	err_177	0	4	ff1a4d4d2e956f7e99b2de48becff82ff84a8c2338e92e8d9610df801b48c138
summary	E-2	err_177	-	1	44fc6c4175fa0ecf6b2c337c04cf457103737bf95e0202f79ffbff8277704ae1
row	E-2	err_178	0	4	571b28344e308947c0b48b0e1a233e0812b2d6de7c249e2baf083357ffd29dcf
summary	E-2	err_178	-	1	cd4f7266294b9918f997aa30ba8b4544256a775772da991eeb416ac8e28eb0f3
row	E-2	err_179	0	4	5cf8fa14ffdf282ea7b031277941280423c44d2b098bbc25074045290e346f70
summary	E-2	err_179	-	1	3914af81087ab35f0d8ac12fcebd0d51fd611cc0d2585e828ff5e2c0223a12f5
row	E-2	err_180	0	4	047383288d50ff9cad57808c9e3d68a37fed5eb7ad0043fd5fd7ec5271f0798e
summary	E-2	err_180	-	1	c9ab6b8c3e7275f0181bede4f2a98dea137d9e8a14c5fc8f5f694d67964cb907
row	E-2	err_181	0	4	f7d0acc6887b89b8c9c54b34ceb2f63fbcd778b36337aabd676f38a1dee28953
summary	E-2	err_181	-	1	d4770802890a009cbbe90d572e5cdce01565f3fd4aa9e0dbc06f385bace298af
row	E-2	err_182	0	4	eb898c1a5f053df8b1406616fd93501bfc126579e57c83ef590b14e9ec52ca60
summary	E-2	err_182	-	1	460b2beab6a12ce5b3018889bf62da2d90d1db2f20dd8c45608e75176470deb7
row	E-2	err_183	0	4	3f6559fe6bc33eae2d0256bbfdfe58652280371cdfbd9811376b8774214a7a16
summary	E-2	err_183	-	1	05a1bbf0d4138907aff9c7c9e2516f8fe6d352cf2b1f17e1b6b7e1e66d0aaa5c
row	E-2	err_184	0	4	364842eee62d51d5e02b1a7f62265f23c41433b2d409a2e5617030bf7c395cf1
summary	E-2	err_184	-	1	7e1cd03430cda47e92e3b6344801ebf6aa8b47b8142b9154f85d1d2f5ef2c9fc
row	E-2	err_185	0	4	0cd3a9fd7bbfe3e837a088ef95827abfbc37338c031d2f28d974f9abaf85e929
summary	E-2	err_185	-	1	04b94404a2050d936afa85e747a43f4351813b10bef5412c8eba45a475336f1d
row	E-2	err_186	0	4	af2bb729015420f5c2fd218ca33ddfd67fe111cba697878a207cc81129243b57
summary	E-2	err_186	-	1	754e5497720d0be1b0f7689ab5987c40b311a59e233b4ed913b9735f8cb1356f
row	E-2	err_187	0	4	ffa3f3c611a22c295092d3bd28bf8ba54679e317bebbc51546a70c9ec52f9939
summary	E-2	err_187	-	1	7dfc3df269f61ebfba20d8b0771eb51c8b0b388336f893fa63beb3a0aa498c30
row	E-2	err_188	0	4	179bf42f5a9517700f53823333806295e0e26993ec2122796d9e9a220ac66e55
summary	E-2	err_188	-	1	2352d55e1b6582849db7f2288124a6be37941ceffd73f3b9bba7aef42abc0bb3
row	E-2	err_189	0	4	f983a6c17e6b797afc17b36902207d3d2b510ea48a9e09f99491e73e6a254990
summary	E-2	err_189	-	1	e368aa6db78e8ebcdbdc5f83af1476ba2c156510a9507bee69cf1f9b7fa56570
row	E-2	err_190	0	4	02684047e33de7343db6f2cd7a9a945107f9ffacf4e907b00cf73596225264c8
summary	E-2	err_190	-	1	d90afadfe843677140128b4acd5a1996b4fdca3302412f3cec23a78d0bb2fb75
row	E-2	err_191	0	4	876e7e026f7a682deb2c4433f0dea2f11859b28d477ea3b46dcd5e03e1aeb04e
summary	E-2	err_191	-	1	c7c21d151ae38909ca703428ae0f810b9b32fbaff144d20f418af21d2bc179c2
row	E-2	err_192	0	4	949030c9b197ceae741da3ee56969e56defe69637b0557ebece569f40e8fe742
summary	E-2	err_192	-	1	0fe8a65098aae897cfc4eb54fc65e20e48a4a3bb656875528f16ac0cf827592d
row	E-2	err_193	0	4	1de789c3913dcfef48479c696bef68155e692e11489b3605f0ee96a18316b5a5
summary	E-2	err_193	-	1	aaf1a63d678c71cf17b88d3dc33d9ac83961c677be7e122629d5a50c09c47fac
row	E-2	err_194	0	4	102d92cb98393462a3002b329777b9a3101753d5ee93917473fb2b8c75f706d4
summary	E-2	err_194	-	1	d2308ff3f0bcda5a50d78de93d722de5e0d5c74e2f8ac603e4462f47a51965f8
row	E-2	err_195	0	4	8f073a66ce883d325a42d6ae12dd309865f9a56c07ea5053ee660ea3c86c4262
summary	E-2	err_195	-	1	70e8fc66a194e014a5ce27237efda83acb6da6e00766e8f6d052835e29dafc68
row	E-2	err_196	0	4	0015395a87e6e09cd6e40442d77b028b6b9b2f6e9cfcb406202d728d9ed4f997
summary	E-2	err_196	-	1	f00c87c50137556c6c2405ecc63175e9d0887a266fc994e863331322f4eae133
row	E-2	err_197	0	4	6fbc9a2a6a7006a171907fd9e3a08b5fe4dccd046c93a8ff750f5187b5017838
summary	E-2	err_197	-	1	aea6bf0f4f84a606759ffb48d70f65bdde2a466cb79e3c563da5aee09eb5d917
row	E-2	err_198	0	4	b1de7f8eb0fc2f40fa614ec82f8d488a184f7746f58e3ff5855206e8462842b4
summary	E-2	err_198	-	1	5b11a5a1d5b2bef1d4e76388463c2f2db4c0edde7724e1cd6b205a7e1760afb4
row	E-2	err_199	0	4	8702b23d129ff31486b3eedb18747e09cb9be6a2c6ae6ab4e593c5201ea167c1
summary	E-2	err_199	-	1	07a8841f55f5bd6582e49b0b97b5a1be064d415d92f9d97cf8e5b0f2a59ac769
row	E-2	err_200	0	4	af7f9e2bc585b171505d50eeed75004711684c822461c2b9b6b724f1aab9b14f
summary	E-2	err_200	-	1	d97979aacfdb93c7328205bce0d91abb642073c4446c56a610c6152e9ffbe344
row	E-2	err_201	0	4	4f5b940a475ddaf0174a88f76b211f439d946b1adc9d5d5b4d36a0891173e6a9
summary	E-2	err_201	-	1	2b67f2b71f7f26c709a5c32fac52af912243d43d715a21ba768113d3628d77da
row	E-2	err_202	0	4	50fcf4a630dc3cc323b31956e959d06e8cf41cc698e16c395c3a7d30f63358dc
summary	E-2	err_202	-	1	731b6fd0928fe25803c4d77bc28eb8ac3f73140e647d00a8727bbdb20360964a
row	E-2	err_203	0	4	d781e17ac7f6194d9b2e79ea3bc10f406068212cde7cdb3301da77a9b1885177
summary	E-2	err_203	-	1	187b8954aca4c44268d614af37f511d34c963be284975cbe0f6990c7e3917020
row	E-2	err_204	0	4	e8754d82557856faa9c6965de9c6d7162dee05afe1eb1e185c3a7d71657f812e
summary	E-2	err_204	-	1	8bf8df1f411a988ac5c5c84bef5906961141b0c7fde0ae435f9df31048042dd3
row	E-2	err_205	0	4	a9d0c680162ffa3c8fba2ff29619476ef2474fbaefd7ca2bad7c75c4858c80cb
summary	E-2	err_205	-	1	478583e3d4319f557b46898ebc8c4379a0cc2fe3dbcd684259827e593f86ff27
row	E-2	err_206	0	4	22c2c3eabbdecc90e91c7bc39275e3d614dab3ed791df92075026172fe72e585
summary	E-2	err_206	-	1	99a7b060a54dff10ee03fe2efaa9b75abf8024e763ac24159219bb9aa995bcc1
row	E-2	err_207	0	4	ca2729254a68aa1db4dd5387e0802e11c2417789541b4eeda2dd3d5858e10fdb
summary	E-2	err_207	-	1	7bbfb0bdea985e18c48f70a52bb6e40751a530daaf9dfb1439faad162b28cd77
row	E-2	err_208	0	4	efd6e35d215d1335f5efee11f389e5d7f8cc2bc217cb1195d854c37da1532f9f
summary	E-2	err_208	-	1	0811f6f0c8d53d85b50abce22635a3def450848fe0d5861d94df299e0536935f
row	E-2	err_209	0	4	2f60968e7f8fee4991bd4aa30aba319ce02a82c229f982af7e03c58221903eff
summary	E-2	err_209	-	1	d6c95a421aa3751676b107e61123686bacf911086cd167c0787e6cf47be8f053
row	E-2	err_210	0	4	a7ce9cd9bd27acb21b58334bcb53db9d60786652fedcfb3e45b5dec3ba389cfe
summary	E-2	err_210	-	1	fa3b8a43ad8d2d5c585f8f8351859c8c293e4e9c97ec1010bfe9c1452ac84111
row	E-2	err_211	0	4	c0c85fba85ff1eceb002ab3c1dfd68e933a14913cb43f466a183cd733b4da89e
summary	E-2	err_211	-	1	bcb9349b30b148c061c48f1b137a1a9bb2076dd49d9e5f0208414dbcb1234fc7
row	E-2	err_212	0	4	8b9a531e6c149d0bf63e65599cefe8bdb736b32b0d31146b5f8ecbe7e0fa54a6
summary	E-2	err_212	-	1	87ac0f03ffefe667e82b09feb50537e61fc4fefa7e74c5e97f4d6c56a9a79f36
row	E-2	err_213	0	4	c89b5d59dde840061132c2de9bc1acdbbae0707fcb1432b7cdb9557ad0381803
summary	E-2	err_213	-	1	d54a3c6c2d81180a83621baa341a499dd082249dedb18d3cefe5b5a2bd97f039
row	E-2	err_214	0	4	79ccf3fdc196e90e2104ab9fc8c23c61c0b456344f46599db7e3edba22a30bee
summary	E-2	err_214	-	1	535d5b45929397db05750f570030d39787f5a7d38ffa3ed7f5aae0c65a58f4ee
row	E-2	err_215	0	4	9ac8302652f77f598352980bbb1f0ca15079f495477f08d8dc35eb0a55e00a22
summary	E-2	err_215	-	1	82979446afac517344f190611dfda8dd1fac706ed4fa19b8857eb9283c1a26d5
row	E-2	err_216	0	4	9eb3694e771c9dfe2f6a3ba84fae18840d5b5629837a79e847fc1175a11e8c44
summary	E-2	err_216	-	1	0a4ac1f7b87a57f2564d58dc705e59336c033e27c42c8d16a1edd78e0739f074
row	E-2	err_217	0	4	10e2093a96f10b7c40dbb2e5f6e2b85166e29a603078fc3e2d4a63e1578d22ad
summary	E-2	err_217	-	1	021f1736f5db8cd2b27268c8a55ec4ee5c0ccaffa1568e61cedb3fb6975c2391
row	E-2	err_218	0	4	81913e3b35e935bfa20a0b6c4c5a90020ebdf281476aef91de82a904e601a8e4
summary	E-2	err_218	-	1	b4868b111fb5f5e2d9caab1d35fd9209105e3e107ad1559a2b8ac49f36f64461
row	E-2	err_219	0	4	ce4f0c9a5c4a134bcc5a08ed8cb9b37a6ba7222129dc81910d46c2f3863c362f
summary	E-2	err_219	-	1	706dd8c9b440627b991a8703809dee7959837f4dd072709562f2c9b7f3d3a499
row	E-2	err_220	0	4	14e980a8349e7f7e7a6fb07134751e257f40c19b00640e25e2d48740207da7af
summary	E-2	err_220	-	1	faeb7b27ad5553b5ca1ca2286ff1fb352284d15441067df8de9bc850c61a0483
row	E-2	err_221	0	4	a462f0307a4a9932962fcffcadb7908efb5c55314778db9d6503eedaa3bd848e
summary	E-2	err_221	-	1	17a20e9a50b4b78f04ad6777a12418f8bacd36ccc9598278a9282c4d583037f0
row	E-2	err_222	0	4	54d64d6636a87188ac9e26a2f6c4eab3c591b635a0c6d2da3b43cb790151bb0f
summary	E-2	err_222	-	1	9ee6c54b2d83219414418c4f9b1b07caa2a968ef1a013297510c13602d54741f
row	E-2	err_223	0	4	e403a774b5cfaa11028af762567761cda2d3e75e5db8488375b9f2b159f53990
summary	E-2	err_223	-	1	3a994126cc46e7cf12d6bad7e94b119823cea6675141fb2ef5e1296ecaa7a30e
row	E-2	err_224	0	4	89fddd31fda5a29fc8c2219f79739b19a8c4a3a95b9a9e15a51f7bdf109bf4ba
summary	E-2	err_224	-	1	e0f2dabd29bcfb1606fcfa05642d4cc731d2019045f0abc9b7cacd8c24fc6425
row	E-2	err_225	0	4	d9f4cf58a9f7e57953e6f46117b9846ed4e0469c4ade7df3b9c24135dd353a4d
summary	E-2	err_225	-	1	416fcdac298c8dd0f0054c634a21ecc175ee2c2addd6c4bd005de413ed13f781
row	E-2	err_226	0	4	4e22a27e7bf6c3b500226ac6551d315cb5e1c35a3eb5de79fe2653572192a85e
summary	E-2	err_226	-	1	babd38ab251ceb88cc21e7d8e645d9820c2b357cb07f5ade620f7c4cbc75487e
row	E-2	err_227	0	4	aee885dc8f4c890d3eba1b9149cd2ec7159e5c3aff531de3bf17c4ed9031d0c6
summary	E-2	err_227	-	1	d2da6cd8c9005615e85614c0f9633eb1d9b3a3a2db984adb5ca9476809afcb7b
row	E-2	err_228	0	4	3d0688a8bdb4d95c110567de3b51365d36b3f0d9dd95b7637639eb16f60f9646
summary	E-2	err_228	-	1	833d97c9d8701f8670c65ad88313f3ec70271a31b1c0cf5cceb9208c1f29471e
row	E-2	err_229	0	4	87d2e3ab03ffae66a14da55bb771209205b1ddc9806b115942f8e9310ae864b7
summary	E-2	err_229	-	1	7015e5d20fe40468dcab4be55608fb68ed38dc870b502f4919162a2a5104b35a
row	E-2	err_230	0	4	275ad28f554effd00bae1e329d81c93f7760669e3e5410736b8eac36623061ce
summary	E-2	err_230	-	1	a418d8a89ff03776c4e86f67e31f0be61983e72fdc5ca62dbe6f4b2d49160652
row	E-2	err_231	0	4	b4994a2058e733f0941cf0d261459c92e335ca3a8fe928674193c33197423cc9
summary	E-2	err_231	-	1	3325e78228673153548654fc6f2db3e67b27d65db71af5a7800cb4779f7927f4
row	E-2	err_232	0	4	bd4f6ab61ec428a52a85975196b9434d5ee3501bb7259b879da1dea4ad8d2fc1
summary	E-2	err_232	-	1	30fc5d56ad85bb741178c8e6948b2ca504bed6d3b0e943ba48e7838f84018825
row	E-2	err_233	0	4	27619e1723aa103b43523735b7e29ff0d66a1418ffbe3e5e6a58e12e9f852e56
summary	E-2	err_233	-	1	06e8211dd5eed76587c3950848c04e2d830c3113e1d249da530c07fabfa562fa
row	E-2	err_234	0	4	b26ead17aba67da078163a8512fcf2a97349eaed397e85c5abb495f2f7c1204d
summary	E-2	err_234	-	1	a2aa1b0d04cbb91d66460ee376ac7ebd805ab632135de5f82fa5ca10163685ee
row	E-2	err_235	0	4	7925120958028154fb6af745f57abd4fa779a97391bacf7679c55788b52eb2c4
summary	E-2	err_235	-	1	55df946b65dcd21aefb77968153555d462bbda85ed3ee2b5e58147bafdb38200
row	E-2	err_236	0	4	44013a81a74959cee018795eb370323af122c54e517515b16b7f43929b69f368
summary	E-2	err_236	-	1	aac52c3603e1018c9f68c9c387f9018d8fb33ec96fccf034041e224aa6b99ae3
row	E-2	err_237	0	4	d99d2729846172e26edc9d32ebcf2d9ae0f8f46c857b7e68035bf713abb03254
summary	E-2	err_237	-	1	fd805d9aeca63e78010a257ef6324bbe8f66baba0963150bea70259817b08fd2
row	E-2	err_238	0	4	a58a869fbf9a1e9c466340b08f812b52b4ee65f69b7b818364b3f450aaef5e4b
summary	E-2	err_238	-	1	0aaf32548ac51be57c9593cff8f6cec82d15c7cec97c9f04c68ce8d9a3eb74b6
row	E-2	err_239	0	4	1a895422ea012ad834e35df345fd3c0fe6781fd38d868573634df812a6ecd1d6
summary	E-2	err_239	-	1	51e6b262af13f6f482bec1fec586bf155d3c69002c04ccf8099fa40e1b8ba835
row	E-2	err_240	0	4	ad25e210b569c29f00baef681a2b2c01bb70109a9db728c5e8117af752c48e3d
summary	E-2	err_240	-	1	31267c7f46e8c507a07c89bf0bcac8edda731131a892f6d939c63fab3925ac16
row	E-2	err_241	0	4	41d86f9179e9042e5e7103c75a23dd9a3d75ec7e42362247694b06c508e7494f
summary	E-2	err_241	-	1	4ff17b828be690854eead5bd6037ddbcb76a79fabaff935097b11e4497d566f7
row	E-2	err_242	0	4	549947c9379a749735eb96283370d5efa237f3e3a2c218cd852ec8e00b8155c6
summary	E-2	err_242	-	1	f8d7f93c6a1e8e34311e386374f95734a82ecbd2cc46a4c961e2d4687fe2e83f
row	E-2	err_243	0	4	98f851cc9d7ba8704035d85edf3569cb159f64acfca586f1b6a0bf3588ff2048
summary	E-2	err_243	-	1	7bccf17e0f1ba095b63e95999f9d7b40937e8d4ac0f110384cc0fee820e38bad
row	E-2	err_244	0	4	6f89bc5441285dc384ceb042322b9b2db47ac8e10aea4ba695807fa452ef3697
summary	E-2	err_244	-	1	28ee9a5fe60b6fa6864a03a1cbf7298fa68d0cef5806112d67df189f06ce68a1
row	E-2	err_245	0	4	3070532c4318f832354ab7252170eeffc8ceb19baf8588ddf48c21ff8805e164
summary	E-2	err_245	-	1	5915113af58ffa799c87bdb247d9ffb57045b6700c031c17331153be2ce3ec34
row	E-2	err_246	0	4	6738689cfe009812a6a488526d990a95d5e4d6850fa6599c2573fc5da22709fd
summary	E-2	err_246	-	1	258034418ebf593e5c82af8b26dff28575408588df347b088a9139681e2472d9
row	E-2	err_247	0	4	042a3d40ed6946d8c109afab63b5fb9584f3db01b2e67a6cba09632395518129
summary	E-2	err_247	-	1	aafa0414119f9467b50defb89c95d9e2c56259fe2c88a4e7ffb32b390024372b
row	E-2	err_248	0	4	fb36288a48b00fe7413a15fc0479a0a600f4dc7013e75441a46f21a2aae9cfd7
summary	E-2	err_248	-	1	9697d6896e26ef1cb5a4f1ec5f66eae045b31f4f034da6bf14a2c70847b4512e
row	E-2	err_249	0	4	d6e73c719a2783abd414bbb73c05a6d2a79158e0aa13a725bce093feb4411ae4
summary	E-2	err_249	-	1	78f512ce1310afda4881489d9fcf58dc05012d245911f860b55823e4c77967b4
row	E-2	err_250	0	4	23bc4f9ecf938a0328cd220e4766f64ad70ce6e35529b32080e63fa4dbac6c43
summary	E-2	err_250	-	1	d1b6354ff8e935ef602c3f7c611a532b0bb357e0c96bb0d084d412f320659236
row	E-2	err_251	0	4	1578a67943bc78bf1a745a644eacc080480b598ff27707a86af5038b444e25da
summary	E-2	err_251	-	1	78f03e0eadf026ec671b408f6e7a90a0697f4c286ac16a45ba3b72313ace6086
row	E-2	err_252	0	4	f00b5077757958a8d87797e0b3e9cbbbd6a5c74565426f9b9407f461e2c551f4
summary	E-2	err_252	-	1	4e8797e58a3bf1a86c4c5e367cef52146497293ba165552cb9a61d63ebe0f02a
row	E-2	err_253	0	4	1928463040b2669ad082fe8ed824785cfd1fa7c7891494ef1bc46e4c95354bca
summary	E-2	err_253	-	1	f4d55cfe9b439cd29a11d32387f649cc0d0e30b47e3458d5e0ced5dfc586acd2
row	E-2	err_254	0	4	25fbf9ec199f3470271d1205c9e1c9445c9ce4c3a5f43f6d46846af4d5ce8454
summary	E-2	err_254	-	1	ad16bb825345c6b78575a959126e1584890c8d21486087c1a7e531a328788384
row	E-2	err_255	0	4	82d7025850323be4f01a3cee02cb759701d6c1f26f2b488458c1ec8d23d06b74
summary	E-2	err_255	-	1	f7f59b6df6e17e01aeab840b8051675c831a865dd1b41c6001fa2a67cac3bfc8
summary	E-2	loads_without_error	-	0	e3b0c44298fc1c149afbf4c8996fb92427ae41e4649b934ca495991b7852b855
