manifest_sha256	bf26ec3af71f6803f1529051dd93bfc79ea4d323d00a9eeb8d2174f9653c1d11
candidates_sha256	9db793d45e27196d22e959a2609dffaa63daf33ee2ee83b8e4e8c66aa6f4bb84
script_sha256	200cf917a036d103a41a891a7ee24de76029903c5f2dec36f604ab8181a34ae3
media_B0_sha256	a903fd002981776c40440444b555facb2f82e0c84a0403e0ef35fa95d56365f5
media_B1_sha256	580513d4e4aa8276685ae84cbca6900b81ad8f655161687e07aeaffefb010de4
media_B2_sha256	cb2b7caac49fdb1d1b994651d566b4ff57facd49e78aa5c628664ff6a71a4bf0
media_BP_sha256	18af00863966bf313dabaee602c48529e8f8f539c5e23b5c300a958e437d0114
media_BF_sha256	9814fb09c0965b3a03dd028f6d155bd8a308fed1d9d57072a0841aaa48433277
judge_sha256	c33833e2bcbbcae7b3f167c88226f91a1baa04f009a4acbcde0b3e93bbcc50a5
reader_sha256	1977d150545426e3c548af20949157a0aa8a0e12050b44f82015bae60c4ad529
