manifest_sha256	b85ea9d1cd36223ea24d60757a61ad76cb23d99aca9088fcdeea22a1447d0877
candidates_sha256	7a0d58b5e6005c76cab25c1c68a9e3010a7630daca45489f4c6548cd31b59dac
media_KM_sha256	d8a8d80e03b458ca8c24fcdce5b8f6b39aad6568d6e48b33e348c2221b284b95
media_KP_sha256	5ec2d1d02b8b5cf5d5f5503ff9a28b4bb930b64102c0bbfdc6375a04970bd65e
file_m6fk_script.py_sha256	85e82513d07be17722b25f85f09159e17dcb465ae9f7fd09094d3b2a9df582b7
file_m6fk_judge.py_sha256	bbac68656e7cf03be81e080e703c7bc3198e3ce06f8c8472d786fa2f89627f3d
file_m6fk_read.py_sha256	295bf6ca847ab6b153a9c1029351748fee2799444b9ad2069ee1773cb97ce828
file_m6fk_measure.py_sha256	80144c4932d1ecafb3b2fc218a9373ea106ecac0953d32e67c43c592f0d6bed2
file_make_m6fk_disk.py_sha256	e673db274f22db9cfff136183a72a877e9cdfaa9d13495e46e9478ac1b66805c
file_check_m6fk_disk.py_sha256	1ab145151f1f9b0c1d47f89cd05d832dce2d8518b33702aa4f29ac747f3b7948
file_m6fk_selftest.py_sha256	d3544de854a2ff6611042ff8bc79979aa6739203022eb0a8dd5c03f2a7df4aed
file_m6fk_selftest.sh_sha256	421db1ecf8d1971898ac7e9ecd460e392e6c92aafb898d99ed87439d496e060e
file_measure_m6fk.sh_sha256	995460c97664eea39b463129be3a9147e9fe81e6cb963654f985c15f1a5e5ad6
file_check_l3_entry_screen.py_sha256	7589f012bb7c6e4df07fe403d560f8f8d7161f9f1f2f65aaac9c69abb55e2ae5
