manifest_sha256	27acdd8e44c93ba250f3b8b07cf0ffcfe36c627bd94fa5b47df0c3461a822e08
m6ij_script.py_sha256	280d91dbed272d4438dc8aa6ca488289f11f8cfc0ea2268f6407e96d4a898e31
make_m6ij_disk.py_sha256	98a803ca96c2892e693c8e2e2fffccbea883f97e3c20bfa2e8d5c4ab1e6e6a19
analyze_m6ij.py_sha256	c491badd8b8ff30e489e73a589d26662471faef6a8954e6f555bf6b9b85022cc
check_m6ij_disk.py_sha256	01f7a9842e122639dde8b900e727fbff8f26afcf4d802d3ec92258202298c176
check_m6ij_after.py_sha256	f0d20166e60b6a39ff5adf646fd626ac31ee639a46823222f882b029d8838bd0
m6ij_measure.py_sha256	8a044cecd33d979c6e3936323483c27e34f37358a25c6b79620577c0b15fa88a
body_J-D1-S-N_sha256	c9a41712e49ad4f1541eb4d012c83aa08efa99865778cf2c29590d96c8434ed5
media_J-D1-S-N_B0_sha256	a903fd002981776c40440444b555facb2f82e0c84a0403e0ef35fa95d56365f5
media_J-D1-S-N_B1_sha256	94767c9afd6646c3a5a693b8decd9a6e13d6257e6a4f6b259e1f6e72691f9d6a
body_J-D1-S-O_sha256	c9a41712e49ad4f1541eb4d012c83aa08efa99865778cf2c29590d96c8434ed5
media_J-D1-S-O_B0_sha256	a903fd002981776c40440444b555facb2f82e0c84a0403e0ef35fa95d56365f5
media_J-D1-S-O_B1_sha256	94767c9afd6646c3a5a693b8decd9a6e13d6257e6a4f6b259e1f6e72691f9d6a
body_J-D1-L-N_sha256	0eafc3fab56af9894feb6b9f911fab24af23552dfbaa60f1c02ead1ad15d1485
media_J-D1-L-N_B0_sha256	a903fd002981776c40440444b555facb2f82e0c84a0403e0ef35fa95d56365f5
media_J-D1-L-N_B1_sha256	6b0a01943504074071cadbda4d5679fa549670535dc365acafa82a2ed22a5f49
body_J-D1-L-O_sha256	0eafc3fab56af9894feb6b9f911fab24af23552dfbaa60f1c02ead1ad15d1485
media_J-D1-L-O_B0_sha256	a903fd002981776c40440444b555facb2f82e0c84a0403e0ef35fa95d56365f5
media_J-D1-L-O_B1_sha256	6b0a01943504074071cadbda4d5679fa549670535dc365acafa82a2ed22a5f49
body_J-D2-S-N_sha256	c9a41712e49ad4f1541eb4d012c83aa08efa99865778cf2c29590d96c8434ed5
media_J-D2-S-N_B0_sha256	a903fd002981776c40440444b555facb2f82e0c84a0403e0ef35fa95d56365f5
media_J-D2-S-N_B1_sha256	94767c9afd6646c3a5a693b8decd9a6e13d6257e6a4f6b259e1f6e72691f9d6a
body_J-D2-S-O_sha256	c9a41712e49ad4f1541eb4d012c83aa08efa99865778cf2c29590d96c8434ed5
media_J-D2-S-O_B0_sha256	a903fd002981776c40440444b555facb2f82e0c84a0403e0ef35fa95d56365f5
media_J-D2-S-O_B1_sha256	94767c9afd6646c3a5a693b8decd9a6e13d6257e6a4f6b259e1f6e72691f9d6a
body_J-D2-L-N_sha256	0eafc3fab56af9894feb6b9f911fab24af23552dfbaa60f1c02ead1ad15d1485
media_J-D2-L-N_B0_sha256	a903fd002981776c40440444b555facb2f82e0c84a0403e0ef35fa95d56365f5
media_J-D2-L-N_B1_sha256	6b0a01943504074071cadbda4d5679fa549670535dc365acafa82a2ed22a5f49
body_J-D2-L-O_sha256	0eafc3fab56af9894feb6b9f911fab24af23552dfbaa60f1c02ead1ad15d1485
media_J-D2-L-O_B0_sha256	a903fd002981776c40440444b555facb2f82e0c84a0403e0ef35fa95d56365f5
media_J-D2-L-O_B1_sha256	6b0a01943504074071cadbda4d5679fa549670535dc365acafa82a2ed22a5f49
