manifest_sha256	eb93aa93a8bdbe6542558661e903d10f69d01b415147d2e229ad3dd18aaec069
m6ij_add3.py_sha256	2aab22b53dff7a559fae59677ef9ce1ad69f12d905c901642f388ebbdbb4717e
measure_m6ij_add3.sh_sha256	79d09e6977f5763bb951d56424742c3a082100cd761e6b99538e99e8f6a6c3ac
m6ij_add3_selftest.py_sha256	d388b835a3774998806fbfcd64adb5ef0eed73e72ea5ef39c28390318f650c72
m6ij_add3_selftest.sh_sha256	cb262d0e04e6646b5318f0e6fbe2a58a809c105368e8237aa0d93e6f7bbbcf02
body_J-D1-S-N_sha256	c9a41712e49ad4f1541eb4d012c83aa08efa99865778cf2c29590d96c8434ed5
body_J-D1-S-O_sha256	c9a41712e49ad4f1541eb4d012c83aa08efa99865778cf2c29590d96c8434ed5
body_J-D1-L-N_sha256	0eafc3fab56af9894feb6b9f911fab24af23552dfbaa60f1c02ead1ad15d1485
body_J-D1-L-O_sha256	0eafc3fab56af9894feb6b9f911fab24af23552dfbaa60f1c02ead1ad15d1485
body_J-D2-S-N_sha256	c9a41712e49ad4f1541eb4d012c83aa08efa99865778cf2c29590d96c8434ed5
body_J-D2-S-O_sha256	c9a41712e49ad4f1541eb4d012c83aa08efa99865778cf2c29590d96c8434ed5
body_J-D2-L-N_sha256	0eafc3fab56af9894feb6b9f911fab24af23552dfbaa60f1c02ead1ad15d1485
body_J-D2-L-O_sha256	0eafc3fab56af9894feb6b9f911fab24af23552dfbaa60f1c02ead1ad15d1485
body_T-D2-S_sha256	c9a41712e49ad4f1541eb4d012c83aa08efa99865778cf2c29590d96c8434ed5
body_T-D2-X_sha256	7a7a2470ce9084b1df090604d68998460f8b2cd021bf959d5cad295c0626915c
media_J-D1-S-N_sha256	a903fd002981776c40440444b555facb2f82e0c84a0403e0ef35fa95d56365f5
media_J-D1-S-O_sha256	94767c9afd6646c3a5a693b8decd9a6e13d6257e6a4f6b259e1f6e72691f9d6a
media_J-D1-L-N_sha256	a903fd002981776c40440444b555facb2f82e0c84a0403e0ef35fa95d56365f5
media_J-D1-L-O_sha256	6b0a01943504074071cadbda4d5679fa549670535dc365acafa82a2ed22a5f49
media_J-D2-S-N_sha256	a903fd002981776c40440444b555facb2f82e0c84a0403e0ef35fa95d56365f5
media_J-D2-S-O_sha256	94767c9afd6646c3a5a693b8decd9a6e13d6257e6a4f6b259e1f6e72691f9d6a
media_J-D2-L-N_sha256	a903fd002981776c40440444b555facb2f82e0c84a0403e0ef35fa95d56365f5
media_J-D2-L-O_sha256	6b0a01943504074071cadbda4d5679fa549670535dc365acafa82a2ed22a5f49
media_T-D2-S_sha256	e19fa53dad2967883ccf593f542b1cf9e3aed81db6a5a10013bd5ba6cd208971
media_T-D2-X_sha256	a903fd002981776c40440444b555facb2f82e0c84a0403e0ef35fa95d56365f5
